"1","450","648","791"
"1","246","767","556"
"1","667","356","206"
"1","839","351","815"
"1","562","796","263"
"1","64","181","657"
"1","641","729","832"
"1","492","52","87"
"1","925","426","392"
"1","460","8","478"
"1","896","242","874"
"1","975","788","133"
"1","953","695","149"
"1","769","287","392"
"1","806","702","892"
"1","143","205","158"
"2","583","931","546"
"2","152","109","583"
"2","227","78","859"
"2","564","638","446"
"2","205","469","955"
"2","163","242","291"
"2","57","342","757"
"2","618","95","390"
"2","893","17","357"
"2","326","177","739"
"2","478","978","381"
"2","1006","395","20"
"2","614","634","511"
"2","200","233","867"
"2","147","208","826"
"2","242","935","352"
"2","685","355","376"
"3","313","864","710"
"3","230","542","637"
"3","649","56","324"
"3","470","606","386"
"3","462","819","403"
"3","302","560","172"
"3","4","584","3"
"3","799","564","195"
"3","615","291","318"
"3","331","737","25"
"3","759","914","537"
"3","133","715","88"
"3","984","689","34"
"3","505","45","309"
"3","736","58","834"
"3","375","85","309"
"3","189","57","912"
"3","304","118","960"
"3","611","651","159"
"3","213","116","791"
"3","55","172","428"
"3","948","470","553"
"3","916","68","2"
"3","897","514","758"
"3","674","444","67"
"3","537","556","333"
"3","143","267","921"
"3","511","517","753"
"3","633","168","266"
"3","702","928","352"
"3","646","749","400"
"3","683","330","988"
"3","60","211","758"
"3","920","958","616"
"3","697","734","906"
"3","342","563","958"
"3","324","616","934"
"3","867","506","62"
"3","927","858","201"
"4","101","944","469"
"4","253","111","161"
"4","737","809","254"
"4","775","919","9"
"4","926","982","617"
"4","319","618","730"
"4","368","729","138"
"4","489","472","460"
"4","964","200","254"
"4","694","110","423"
"4","797","933","473"
"4","5","349","887"
"4","416","766","860"
"4","662","48","340"
"4","618","333","38"
"4","556","260","528"
"4","706","795","71"
"4","103","204","547"
"4","569","525","786"
"4","957","362","460"
"4","277","71","39"
"4","812","571","498"
"4","882","70","69"
"4","381","623","773"
"4","302","654","769"
"4","934","175","950"
"4","1002","178","960"
"4","912","85","588"
"4","914","559","268"
"4","507","218","595"
"4","29","428","326"
"4","359","901","295"
"4","382","137","851"
"4","974","421","829"
"4","839","608","133"
"4","571","798","599"
"4","771","271","947"
"4","628","942","280"
"4","529","384","377"
"4","967","841","636"
"4","870","948","759"
"4","406","50","84"
"4","911","509","788"
"4","426","830","638"
"4","719","468","779"
"4","469","98","751"
"4","537","235","65"
"4","270","784","221"
"5","503","826","719"
"5","592","223","359"
"5","101","834","928"
"5","740","164","418"
"5","763","816","970"
"5","480","166","190"
"5","986","843","580"
"5","324","508","364"
"5","248","640","223"
"5","20","201","745"
"5","535","257","185"
"5","371","385","963"
"5","447","808","285"
"5","47","620","629"
"5","91","343","562"
"5","625","744","914"
"5","274","393","847"
"5","732","321","367"
"5","263","477","795"
"5","116","198","762"
"5","387","383","803"
"5","253","922","188"
"5","273","797","627"
"5","511","900","654"
"5","46","708","168"
"5","425","642","976"
"6","138","884","797"
"6","443","274","228"
"6","753","934","118"
"6","64","666","834"
"6","496","419","868"
"6","177","410","132"
"6","782","351","485"
"6","160","267","130"
"6","86","370","468"
"6","596","305","326"
"6","697","593","297"
"6","410","384","185"
"6","730","875","32"
"6","904","119","815"
"6","246","183","321"
"6","338","290","396"
"6","959","704","772"
"7","951","535","757"
"7","55","339","170"
"7","287","539","87"
"7","337","189","172"
"7","436","605","38"
"7","170","413","114"
"7","87","621","825"
"7","851","920","173"
"7","439","41","735"
"7","808","645","22"
"7","509","748","842"
"7","974","54","784"
"7","392","392","801"
"7","252","206","48"
"7","956","423","921"
"7","5","572","52"
"7","556","489","927"
"7","284","914","916"
"7","612","925","805"
"7","120","154","769"
"7","734","432","401"
"7","794","27","967"
"7","273","832","355"
"7","725","352","477"
"7","190","766","970"
"7","984","287","534"
"7","445","30","13"
"7","597","444","923"
"7","809","645","79"
"7","900","902","450"
"7","171","81","13"
"8","307","174","485"
"8","942","839","407"
"8","927","941","253"
"8","909","435","871"
"8","61","509","603"
"8","954","923","307"
"8","626","714","75"
"8","972","737","155"
"8","176","737","898"
"8","145","101","284"
"8","200","662","527"
"8","747","958","170"
"8","850","652","4"
"8","326","910","715"
"8","660","117","327"
"8","359","859","466"
"8","73","968","869"
"8","793","301","786"
"8","999","549","722"
"8","289","453","918"
"8","786","864","512"
"8","908","478","338"
"9","421","960","761"
"9","856","487","107"
"9","80","978","50"
"9","114","728","590"
"9","155","633","354"
"9","335","811","535"
"9","260","647","903"
"9","697","34","849"
"9","602","158","67"
"9","768","434","546"
"9","900","123","370"
"9","983","185","994"
"9","706","543","100"
"9","765","761","661"
"9","125","996","544"
"9","146","431","268"
"9","894","420","546"
"9","420","439","377"
"9","837","283","392"
"9","991","17","529"
"9","877","246","868"
"9","588","44","542"
"9","716","645","637"
"9","974","983","344"
"9","43","484","619"
"9","102","821","15"
"9","103","19","226"
"9","429","498","433"
"9","748","576","550"
"9","384","430","415"
"9","981","168","66"
"9","141","313","251"
"9","829","511","979"
"9","512","22","973"
"9","137","895","630"
"9","215","463","733"
"9","3","565","193"
"9","862","399","399"
"9","183","940","245"
"9","361","187","745"
"9","205","608","435"
"9","1001","451","14"
"9","913","629","726"
"9","466","56","782"
"9","957","738","851"
"9","945","959","145"
"10","332","630","809"
"10","946","529","493"
"10","430","272","935"
"10","155","746","814"
"10","355","68","939"
"10","862","235","384"
"10","446","262","714"
"10","181","391","13"
"10","211","979","321"
"10","219","307","108"
"10","178","303","242"
"10","631","116","663"
"10","971","309","918"
"10","894","632","984"
"10","402","702","884"
"10","405","791","23"
"10","204","415","690"
"11","635","45","151"
"11","660","3","823"
"11","929","287","837"
"11","484","765","447"
"11","246","18","915"
"11","538","570","185"
"11","651","828","737"
"11","587","477","598"
"11","753","768","557"
"11","631","855","823"
"11","394","116","493"
"11","467","699","986"
"11","689","443","163"
"12","752","675","588"
"12","633","706","863"
"12","78","233","421"
"12","478","526","789"
"12","200","314","979"
"12","283","639","72"
"12","952","510","642"
"12","95","65","401"
"12","431","374","103"
"12","465","3","471"
"12","276","320","389"
"12","297","327","37"
"12","476","566","125"
"12","1001","911","183"
"12","234","826","45"
"12","605","840","33"
"12","150","127","868"
"12","86","924","494"
"12","776","805","512"
"13","436","126","688"
"13","850","138","80"
"13","955","596","510"
"13","401","827","558"
"13","435","565","84"
"13","951","309","533"
"13","834","503","928"
"13","780","39","599"
"13","471","999","387"
"13","100","749","312"
"13","215","642","95"
"13","871","63","455"
"13","280","705","100"
"13","157","672","712"
"13","692","5","732"
"13","499","118","630"
"13","800","138","253"
"13","434","512","762"
"13","1005","254","909"
"13","250","666","46"
"13","462","588","626"
"13","50","102","116"
"13","197","739","374"
"13","136","903","899"
"13","475","379","815"
"14","833","154","166"
"14","440","986","51"
"14","851","985","115"
"14","330","117","218"
"14","51","198","342"
"14","750","741","157"
"14","569","188","654"
"14","288","530","876"
"14","544","225","77"
"14","561","523","65"
"14","871","765","387"
"14","696","807","362"
"14","200","423","25"
"14","29","767","253"
"14","635","628","979"
"14","40","537","185"
"14","474","427","445"
"14","718","735","414"
"14","358","699","173"
"14","383","951","772"
"14","341","942","962"
"14","145","184","719"
"14","540","614","952"
"14","768","316","163"
"14","481","472","948"
"14","11","545","611"
"14","581","893","572"
"14","542","429","919"
"14","234","263","53"
"14","299","103","297"
"15","496","775","685"
"15","733","86","101"
"15","464","649","549"
"15","846","66","428"
"15","351","644","205"
"15","470","120","576"
"15","837","470","312"
"15","860","739","140"
"15","666","326","145"
"15","289","936","968"
"15","173","847","284"
"15","558","217","916"
"15","355","680","436"
"15","614","691","589"
"15","810","13","106"
"15","972","601","646"
"15","974","448","991"
"15","207","135","453"
"15","413","297","695"
"15","799","905","681"
"15","463","793","21"
"15","877","150","233"
"15","788","237","929"
"15","416","322","434"
"15","407","816","236"
"15","713","10","402"
"15","648","623","709"
"15","376","344","472"
"15","482","188","743"
"15","730","811","252"
"15","930","618","545"
"15","397","796","935"
"15","879","261","188"
"15","170","519","578"
"15","335","89","464"
"15","444","229","179"
"15","373","945","96"
"15","905","890","553"
"15","358","720","933"
"15","983","410","213"
"15","486","657","191"
"15","448","560","670"
"16","69","246","224"
"16","201","957","468"
"16","459","340","384"
"16","783","412","87"
"16","131","464","53"
"16","609","522","581"
"16","257","518","462"
"16","176","338","817"
"16","803","176","639"
"16","250","288","241"
"16","108","482","602"
"16","643","868","869"
"16","119","655","464"
"16","588","763","236"
"16","893","390","70"
"16","884","303","949"
"16","1009","419","966"
"16","710","406","206"
"16","779","47","293"
"16","847","6","257"
"16","640","884","288"
"16","818","686","278"
"16","67","782","848"
"16","961","423","927"
"16","905","380","605"
"16","632","270","118"
"16","653","549","60"
"16","702","744","424"
"16","528","73","845"
"16","324","24","857"
"16","790","672","529"
"16","354","239","327"
"16","474","220","818"
"16","626","670","984"
"16","508","871","782"
"16","363","190","510"
"16","85","577","945"
"16","458","327","412"
"16","582","542","409"
"16","861","584","175"
"16","135","726","541"
"16","24","67","699"
"16","383","228","657"
"16","751","826","982"
"16","326","173","46"
"16","904","276","403"
"16","708","808","69"
"16","87","621","283"
"16","479","6","412"
"17","593","749","99"
"17","642","37","8"
"17","303","461","902"
"17","226","323","483"
"17","44","734","770"
"17","121","954","483"
"17","458","330","802"
"17","284","220","112"
"17","543","364","874"
"17","633","314","664"
"17","212","880","11"
"17","612","253","643"
"17","926","430","617"
"17","474","430","241"
"17","974","253","74"
"17","648","631","782"
"17","73","751","77"
"17","963","199","998"
"17","100","246","295"
"17","345","153","695"
"17","611","312","817"
"17","746","708","252"
"17","444","224","252"
"17","876","12","584"
"17","855","779","581"
"17","646","312","293"
"17","575","763","203"
"17","823","849","284"
"17","225","338","502"
"17","860","171","708"
"17","411","603","718"
"17","812","24","291"
"17","153","5","66"
"17","914","246","621"
"17","328","247","447"
"17","141","985","913"
"17","931","204","240"
"17","317","908","360"
"17","446","530","871"
"17","174","641","874"
"17","413","697","458"
"17","110","890","327"
"18","50","735","575"
"18","923","602","249"
"18","572","777","913"
"18","309","7","600"
"18","175","996","264"
"18","832","529","247"
"18","539","726","369"
"18","871","52","84"
"18","479","660","816"
"18","889","224","184"
"18","941","864","107"
"18","243","381","498"
"18","517","117","67"
"18","1009","538","19"
"18","826","344","564"
"18","735","464","79"
"18","792","427","323"
"18","665","597","217"
"18","105","258","69"
"18","281","361","435"
"18","672","776","982"
"18","40","800","293"
"18","701","267","53"
"19","209","62","786"
"19","800","571","613"
"19","437","463","497"
"19","616","816","928"
"19","767","534","549"
"19","634","423","223"
"19","494","957","472"
"19","556","468","359"
"19","986","990","451"
"19","525","364","184"
"19","105","768","994"
"19","41","729","381"
"19","931","173","170"
"19","962","411","618"
"19","115","981","769"
"19","83","965","252"
"19","143","144","694"
"19","5","552","899"
"19","339","369","1000"
"19","941","27","742"
"20","996","943","104"
"20","573","838","600"
"20","143","602","135"
"20","807","176","161"
"20","272","208","278"
"20","778","812","309"
"20","971","567","291"
"20","440","86","911"
"20","200","168","658"
"20","767","954","208"
"20","870","952","289"
"20","555","623","168"
"20","765","185","273"
"20","671","35","656"
"20","20","685","530"
"20","777","444","57"
"20","817","959","591"
"20","510","630","272"
"20","660","272","140"
"20","934","520","555"
"20","341","110","469"
"20","554","297","757"
"20","549","631","771"
"20","358","668","389"
"20","98","827","672"
"20","514","864","350"
"20","847","458","165"
"20","66","252","81"
"20","174","397","995"
"20","726","389","389"
"20","626","981","937"
"21","426","618","161"
"21","722","927","485"
"21","830","50","172"
"21","492","794","61"
"21","343","98","67"
"21","730","813","14"
"21","316","437","283"
"21","96","356","272"
"21","717","381","883"
"21","803","188","528"
"21","753","978","802"
"22","760","793","68"
"22","535","342","149"
"22","68","389","804"
"22","95","371","9"
"22","386","869","128"
"22","451","141","595"
"22","402","537","974"
"22","10","749","156"
"22","876","196","573"
"22","841","496","177"
"22","641","471","730"
"22","968","815","157"
"22","73","462","788"
"22","443","540","321"
"22","761","863","757"
"22","433","161","108"
"22","208","280","609"
"22","997","503","739"
"22","235","820","75"
"22","93","44","680"
"22","499","238","780"
"22","356","38","580"
"22","475","11","879"
"22","231","476","445"
"22","667","235","121"
"22","125","793","904"
"22","833","444","494"
"23","580","71","65"
"23","236","858","430"
"23","836","529","641"
"23","588","370","837"
"23","118","748","648"
"23","720","62","591"
"23","658","771","285"
"23","128","270","338"
"23","767","910","921"
"23","450","609","301"
"23","537","182","688"
"23","88","635","785"
"23","250","573","224"
"23","367","567","974"
"23","541","721","521"
"23","368","384","708"
"23","909","534","740"
"23","25","721","628"
"23","439","719","887"
"23","115","861","557"
"23","625","878","130"
"23","340","553","628"
"23","162","578","974"
"23","881","259","18"
"23","23","156","379"
"23","233","325","909"
"23","740","546","214"
"23","530","308","99"
"23","885","929","930"
"23","173","918","893"
"23","925","540","696"
"23","222","843","744"
"23","249","151","637"
"23","953","161","382"
"24","640","119","178"
"24","1001","242","476"
"24","502","746","113"
"24","934","830","880"
"24","718","497","587"
"24","573","703","929"
"24","185","981","694"
"24","768","22","451"
"24","687","624","293"
"24","967","266","606"
"24","366","207","98"
"24","779","48","419"
"24","839","164","917"
"24","944","329","300"
"24","102","98","288"
"24","719","599","700"
"24","843","327","826"
"24","542","460","93"
"24","418","199","146"
"24","560","152","522"
"24","97","949","933"
"24","696","501","29"
"24","308","595","461"
"25","45","559","840"
"25","547","490","858"
"25","370","789","787"
"25","516","749","959"
"25","676","299","252"
"25","353","243","41"
"25","347","929","138"
"25","88","701","252"
"25","404","445","906"
"25","304","191","107"
"25","213","330","540"
"25","386","97","113"
"25","660","842","817"
"25","977","935","605"
"25","378","192","763"
"25","158","883","708"
"25","167","889","314"
"25","571","298","790"
"25","6","270","874"
"25","804","190","326"
"25","170","357","547"
"25","506","604","163"
"25","826","984","214"
"25","801","913","686"
"25","58","959","626"
"25","163","863","587"
"25","91","50","226"
"25","448","351","172"
"25","188","594","31"
"26","711","780","458"
"26","267","280","526"
"26","22","430","208"
"26","536","765","893"
"26","931","700","352"
"26","399","577","939"
"26","710","934","982"
"26","37","189","184"
"26","314","892","913"
"26","842","234","257"
"26","71","886","164"
"26","828","310","116"
"26","106","621","13"
"26","90","962","603"
"26","663","799","949"
"26","814","498","896"
"26","305","806","599"
"26","697","53","826"
"26","768","321","708"
"26","427","750","174"
"26","656","435","128"
"26","584","499","400"
"26","454","788","599"
"27","323","672","102"
"27","987","824","414"
"27","649","684","976"
"27","481","120","870"
"27","70","604","860"
"27","105","418","284"
"27","477","410","984"
"27","26","646","712"
"27","688","756","610"
"27","1005","945","999"
"27","895","640","711"
"27","384","281","725"
"27","158","123","872"
"27","394","646","189"
"27","402","852","483"
"27","427","528","321"
"28","522","626","366"
"28","577","140","775"
"28","468","220","422"
"28","749","885","297"
"28","18","574","618"
"28","353","368","300"
"28","877","316","553"
"28","246","132","60"
"28","785","523","271"
"28","553","130","529"
"28","213","757","609"
"28","121","685","514"
"28","881","705","347"
"28","314","811","347"
"28","961","498","805"
"28","173","814","273"
"28","126","278","232"
"28","388","277","844"
"28","690","555","1000"
"28","332","480","999"
"28","656","163","51"
"28","484","43","815"
"28","586","128","705"
"28","682","95","713"
"28","473","972","209"
"29","32","606","143"
"29","839","347","639"
"29","829","604","460"
"29","690","680","729"
"29","682","235","122"
"29","855","381","58"
"29","142","117","349"
"29","583","919","425"
"29","633","289","74"
"29","770","513","406"
"29","945","390","285"
"29","447","375","592"
"29","503","57","196"
"29","223","562","912"
"29","273","958","869"
"29","373","84","346"
"29","673","186","304"
"29","853","589","330"
"29","628","37","796"
"29","156","169","467"
"29","171","185","734"
"29","134","101","455"
"29","173","755","105"
"29","27","917","619"
"29","472","994","420"
"29","419","467","599"
"29","57","233","397"
"29","268","234","447"
"29","737","550","166"
"29","999","576","449"
"29","712","13","708"
"29","506","381","399"
"29","864","741","544"
"29","876","684","144"
"29","1004","858","69"
"29","630","575","153"
"29","607","788","125"
"29","512","520","35"
"29","69","471","742"
"29","165","434","24"
"30","801","321","356"
"30","863","166","396"
"30","615","182","400"
"30","303","592","153"
"30","196","809","466"
"30","349","230","822"
"30","3","775","315"
"30","393","953","411"
"30","65","161","783"
"30","58","466","307"
"30","438","909","322"
"30","789","582","724"
"30","119","576","989"
"30","827","967","210"
"30","787","362","3"
"30","156","86","796"
"30","32","873","98"
"30","755","949","481"
"30","268","777","618"
"31","200","562","220"
"31","866","529","285"
"31","481","649","248"
"31","0","862","127"
"31","181","755","570"
"31","116","178","965"
"31","66","423","531"
"31","976","502","201"
"31","930","923","433"
"31","551","198","663"
"31","64","362","444"
"31","207","8","955"
"31","463","981","354"
"31","827","424","790"
"31","62","288","787"
"31","416","669","259"
"31","230","641","960"
"31","499","420","955"
"31","286","678","911"
"31","756","174","417"
"31","687","711","699"
"32","439","817","954"
"32","619","819","557"
"32","45","486","469"
"32","722","300","688"
"32","663","129","695"
"32","426","829","669"
"32","774","719","624"
"32","745","580","559"
"32","782","154","206"
"32","953","684","689"
"32","95","53","713"
"32","486","882","731"
"32","912","8","651"
"32","881","943","310"
"32","491","67","984"
"32","115","399","25"
"33","729","785","353"
"33","55","317","99"
"33","937","453","658"
"33","744","932","50"
"33","700","689","773"
"33","156","182","335"
"33","14","687","643"
"33","880","994","281"
"33","864","761","633"
"33","470","861","876"
"33","511","116","524"
"33","754","371","470"
"33","668","449","16"
"33","527","14","580"
"33","768","181","914"
"33","591","226","183"
"33","257","119","669"
"33","5","85","173"
"33","424","165","647"
"33","849","387","270"
"33","871","372","710"
"34","854","794","537"
"34","220","887","543"
"34","508","696","141"
"34","219","781","795"
"34","565","951","813"
"34","150","710","201"
"34","441","34","677"
"34","894","79","859"
"34","334","205","283"
"34","733","585","893"
"34","304","648","512"
"34","97","526","86"
"34","981","565","266"
"34","677","542","193"
"34","997","654","998"
"34","240","865","685"
"34","237","864","830"
"34","773","401","121"
"34","47","443","173"
"34","207","493","182"
"34","397","876","293"
"34","369","207","52"
"34","666","81","607"
"34","785","394","997"
"34","303","429","725"
"34","448","828","674"
"34","897","639","59"
"34","516","274","40"
"34","929","154","230"
"34","804","395","886"
"34","807","214","746"
"34","208","15","66"
"34","874","650","858"
"34","979","957","367"
"34","835","922","396"
"34","766","151","646"
"34","526","301","923"
"35","630","655","875"
"35","393","321","891"
"35","421","610","479"
"35","710","298","855"
"35","999","243","988"
"35","502","225","41"
"35","763","437","749"
"35","257","305","972"
"35","879","926","344"
"35","572","375","848"
"35","397","334","945"
"35","478","616","210"
"36","27","964","541"
"36","126","602","131"
"36","118","486","800"
"36","957","986","52"
"36","127","875","21"
"36","4","18","319"
"36","935","589","336"
"36","710","768","502"
"36","295","489","985"
"36","558","988","718"
"36","501","295","800"
"36","829","46","666"
"36","162","433","132"
"36","889","871","98"
"36","563","287","679"
"36","704","381","742"
"36","797","13","462"
"36","707","384","803"
"36","718","916","73"
"36","603","709","149"
"36","688","860","41"
"37","20","52","115"
"37","450","346","991"
"37","618","302","772"
"37","102","195","325"
"37","173","569","434"
"37","794","433","38"
"37","817","571","931"
"37","885","530","134"
"37","718","661","811"
"37","642","354","335"
"37","942","932","900"
"37","627","23","567"
"37","666","434","884"
"37","805","663","779"
"38","847","252","274"
"38","447","433","253"
"38","968","89","551"
"38","825","277","723"
"38","746","861","177"
"38","712","325","787"
"38","408","755","764"
"38","893","571","728"
"38","782","437","823"
"38","412","588","713"
"38","471","570","490"
"38","549","171","990"
"38","162","273","31"
"38","795","518","688"
"38","832","286","962"
"38","0","520","9"
"38","76","899","314"
"38","326","676","963"
"38","350","301","911"
"38","806","168","684"
"38","905","612","83"
"38","833","243","555"
"38","527","954","211"
"38","364","38","528"
"38","848","614","567"
"38","689","501","234"
"38","149","659","704"
"38","349","782","264"
"38","874","946","428"
"38","729","441","354"
"38","808","82","78"
"38","302","92","609"
"38","1009","416","777"
"38","511","242","785"
"38","826","938","860"
"38","194","78","987"
"38","533","84","329"
"38","868","954","812"
"38","696","774","150"
"38","778","906","34"
"39","973","844","715"
"39","642","856","63"
"39","387","468","624"
"39","465","655","243"
"39","748","218","256"
"39","556","39","676"
"39","78","408","692"
"39","926","108","694"
"39","42","93","306"
"39","222","663","291"
"39","86","689","608"
"39","707","779","988"
"39","839","920","354"
"39","356","633","897"
"39","637","665","775"
"39","914","749","115"
"39","725","78","992"
"39","148","687","405"
"39","158","200","45"
"39","672","234","775"
"39","342","116","655"
"39","906","600","709"
"39","230","423","526"
"39","853","409","958"
"39","359","666","523"
"39","867","663","660"
"39","163","674","536"
"39","8","182","450"
"39","168","635","319"
"39","338","2","746"
"39","47","851","914"
"39","681","435","58"
"39","26","753","450"
"39","495","487","5"
"39","887","57","972"
"39","498","903","610"
"39","524","136","325"
"39","224","625","117"
"39","885","316","560"
"39","329","715","99"
"39","220","5","494"
"39","146","223","267"
"39","518","423","519"
"39","31","759","199"
"39","415","565","743"
"40","620","869","330"
"40","548","46","975"
"40","203","744","329"
"40","28","395","61"
"40","667","493","266"
"40","629","108","648"
"40","331","818","483"
"40","859","517","985"
"40","95","648","498"
"40","849","795","879"
"40","472","140","470"
"40","92","982","52"
"40","327","964","950"
"40","494","397","596"
"40","490","862","628"
"40","879","328","515"
"40","791","546","109"
"40","711","542","55"
"40","111","71","871"
"40","395","54","495"
"40","453","4","458"
"40","65","750","717"
"40","950","516","235"
"40","717","266","958"
"40","102","139","199"
"40","106","189","884"
"40","890","450","554"
"40","812","25","654"
"40","940","156","860"
"40","448","238","762"
"40","975","776","50"
"40","319","269","420"
"40","218","117","135"
"40","697","638","604"
"40","785","345","308"
"40","851","718","496"
"40","880","847","418"
"40","274","66","117"
"40","874","11","746"
"41","852","226","446"
"41","693","607","625"
"41","694","564","727"
"41","305","824","948"
"41","821","662","197"
"41","800","568","652"
"41","952","386","454"
"41","967","81","824"
"41","832","719","908"
"41","230","214","835"
"41","277","127","952"
"41","491","17","679"
"41","311","322","708"
"41","754","457","487"
"41","6","122","50"
"41","442","687","881"
"41","159","623","156"
"41","686","495","82"
"41","57","583","322"
"41","190","736","865"
"41","24","76","304"
"41","605","132","840"
"41","740","28","215"
"41","771","710","693"
"41","920","668","594"
"42","101","853","283"
"42","68","453","452"
"42","520","927","127"
"42","790","996","237"
"42","574","377","957"
"42","513","874","424"
"42","379","779","635"
"42","82","611","187"
"42","458","965","113"
"42","870","673","23"
"42","261","115","361"
"42","461","757","197"
"42","236","503","465"
"42","233","816","472"
"42","235","556","335"
"42","996","173","473"
"42","267","441","556"
"42","539","483","701"
"42","781","910","749"
"42","799","439","715"
"42","84","495","879"
"42","762","72","215"
"42","757","384","841"
"42","676","336","858"
"42","583","634","728"
"42","599","29","133"
"42","867","578","680"
"42","474","753","691"
"42","994","681","931"
"42","547","523","842"
"42","123","859","136"
"42","305","207","895"
"42","650","937","118"
"42","121","359","546"
"42","406","498","36"
"42","499","150","875"
"42","240","718","939"
"42","61","535","679"
"43","135","443","288"
"43","264","955","623"
"43","309","203","417"
"43","76","307","522"
"43","142","724","955"
"43","234","559","264"
"43","480","562","868"
"43","73","369","149"
"43","238","248","86"
"43","841","777","132"
"43","341","152","715"
"43","971","282","226"
"43","354","671","226"
"43","764","604","493"
"43","829","568","745"
"43","517","297","655"
"43","522","252","961"
"43","302","597","325"
"43","400","746","992"
"43","45","833","615"
"43","99","710","667"
"43","708","989","162"
"43","391","397","30"
"43","98","28","478"
"44","994","942","456"
"44","189","886","874"
"44","531","659","429"
"44","707","502","484"
"44","206","55","624"
"44","504","35","171"
"44","122","621","476"
"44","155","853","770"
"44","119","745","881"
"44","376","468","817"
"44","81","702","558"
"44","910","579","801"
"44","961","152","354"
"44","340","159","575"
"44","541","630","181"
"44","931","392","863"
"44","170","162","519"
"44","660","661","153"
"44","543","691","607"
"44","518","286","358"
"44","911","531","121"
"44","32","401","608"
"44","129","328","614"
"44","673","318","188"
"44","697","642","393"
"44","998","565","846"
"44","262","563","859"
"44","960","444","493"
"44","907","934","879"
"44","235","238","831"
"44","968","532","939"
"44","672","624","694"
"45","883","404","310"
"45","476","231","588"
"45","197","188","873"
"45","489","827","860"
"45","719","400","369"
"45","376","953","868"
"45","26","318","979"
"45","462","325","590"
"45","59","382","527"
"45","190","11","686"
"45","589","495","917"
"45","465","888","397"
"45","1008","309","66"
"45","98","243","455"
"45","632","975","221"
"45","530","46","675"
"45","46","581","413"
"45","201","55","480"
"45","324","455","571"
"45","643","869","457"
"45","103","581","181"
"45","437","26","303"
"45","334","265","944"
"45","510","364","242"
"45","999","908","482"
"45","246","970","855"
"45","491","523","97"
"45","724","843","905"
"45","40","394","91"
"45","525","938","200"
"45","71","686","473"
"45","231","942","215"
"45","760","560","182"
"45","414","41","362"
"45","818","459","550"
"45","109","444","410"
"45","823","1","636"
"46","497","411","507"
"46","773","978","887"
"46","970","537","437"
"46","488","508","634"
"46","294","391","170"
"46","26","710","83"
"46","894","56","947"
"46","100","35","256"
"46","844","814","9"
"46","365","19","174"
"46","715","599","322"
"46","314","2","791"
"46","813","426","407"
"46","884","610","57"
"46","447","645","258"
"46","323","851","688"
"46","229","889","301"
"47","672","755","473"
"47","57","820","335"
"47","578","179","620"
"47","694","62","823"
"47","494","892","215"
"47","966","774","690"
"47","999","529","994"
"47","280","474","325"
"47","569","314","670"
"47","326","827","31"
"47","50","783","402"
"47","39","336","247"
"47","901","179","394"
"47","71","275","259"
"47","529","335","54"
"47","271","400","614"
"47","160","322","458"
"47","455","565","435"
"47","960","713","301"
"47","547","82","424"
"47","304","918","483"
"47","723","167","634"
"47","985","909","762"
"47","616","841","40"
"47","384","124","447"
"47","447","337","48"
"47","66","89","762"
"47","381","403","276"
"47","80","355","704"
"47","42","840","24"
"47","931","739","144"
"47","671","149","426"
"47","309","813","734"
"47","897","65","57"
"47","63","412","113"
"47","585","756","139"
"47","961","603","644"
"47","657","142","922"
"47","407","309","14"
"47","122","694","833"
"47","382","458","23"
"47","766","342","878"
"47","499","439","200"
"47","1005","987","869"
"47","117","335","837"
"47","754","269","146"
"47","872","364","76"
"47","293","509","522"
"47","218","876","858"
"48","835","871","156"
"48","240","150","966"
"48","787","560","471"
"48","43","786","544"
"48","490","225","899"
"48","9","871","726"
"48","558","299","544"
"48","154","412","641"
"48","1005","284","95"
"48","843","684","988"
"48","505","97","331"
"48","541","262","23"
"48","47","115","715"
"48","566","460","211"
"48","772","533","75"
"48","466","915","349"
"48","171","412","221"
"48","204","155","18"
"48","96","28","981"
"48","94","755","763"
"48","900","972","506"
"49","462","492","768"
"49","771","227","2"
"49","550","406","137"
"49","278","714","1"
"49","251","610","493"
"49","543","20","510"
"49","438","400","663"
"49","385","468","275"
"49","65","202","80"
"49","6","383","805"
"49","7","284","180"
"49","835","373","55"
"49","55","472","971"
"49","224","849","574"
"49","563","477","313"
"49","95","571","869"
"49","227","973","113"
"49","380","6","370"
"49","110","212","848"
"49","67","582","921"
"49","945","273","358"
"49","381","54","423"
"49","952","451","974"
"49","121","492","568"
"49","210","366","907"
"49","327","422","137"
"49","441","1","562"
"49","536","253","916"
"49","391","649","303"
"49","735","313","573"
"49","996","130","577"
"49","99","731","49"
"49","494","201","237"
"49","838","455","714"
"49","662","676","115"
"49","822","346","231"
"49","515","238","95"
"49","434","492","553"
"49","739","502","101"
"49","127","496","896"
"49","1004","569","964"
"49","843","659","14"
"49","933","994","965"
"49","842","466","494"
"49","478","487","702"
"49","491","424","940"
"50","232","149","920"
"50","382","808","536"
"50","401","189","939"
"50","71","276","594"
"50","954","193","571"
"50","753","588","878"
"50","597","128","146"
"50","744","679","981"
"50","719","905","330"
"50","636","635","132"
"50","255","311","176"
"50","108","548","361"
"50","962","865","689"
"50","690","117","467"
"50","928","694","90"
"50","339","18","963"
"51","587","910","856"
"51","828","230","462"
"51","874","393","987"
"51","546","160","648"
"51","369","168","588"
"51","68","834","50"
"51","385","948","557"
"51","379","420","742"
"51","619","402","24"
"51","633","167","411"
"51","24","157","197"
"51","247","588","498"
"51","355","665","377"
"51","798","655","368"
"51","375","546","366"
"51","181","55","92"
"51","85","118","906"
"51","979","987","814"
"51","656","953","807"
"51","74","914","117"
"51","818","119","582"
"51","844","210","651"
"51","372","814","468"
"51","657","5","443"
"51","207","441","786"
"51","23","615","734"
"52","204","687","441"
"52","180","741","418"
"52","325","899","697"
"52","514","563","956"
"52","510","946","168"
"52","126","636","110"
"52","804","608","985"
"52","426","218","771"
"52","823","61","619"
"52","101","396","251"
"52","720","674","579"
"52","243","650","469"
"52","60","157","475"
"52","352","653","502"
"52","984","389","569"
"52","286","279","359"
"52","651","986","781"
"52","819","692","151"
"52","143","360","409"
"52","954","913","904"
"52","487","765","279"
"52","758","403","503"
"52","364","218","959"
"52","597","148","42"
"52","558","221","689"
"52","22","128","948"
"52","979","847","877"
"52","645","368","341"
"52","508","949","385"
"52","801","332","15"
"52","608","102","198"
"52","399","47","647"
"52","626","949","154"
"52","765","979","62"
"52","412","595","778"
"52","315","587","563"
"52","271","694","433"
"52","453","798","67"
"52","908","577","735"
"52","153","233","245"
"52","136","563","795"
"52","761","412","506"
"52","926","188","522"
"52","667","273","801"
"53","79","796","809"
"53","964","614","924"
"53","592","491","177"
"53","347","783","350"
"53","849","771","399"
"53","360","484","339"
"53","275","533","433"
"53","351","896","468"
"53","971","177","942"
"53","236","320","179"
"53","303","612","278"
"53","739","28","587"
"53","148","731","647"
"53","441","14","757"
"53","12","438","995"
"53","643","295","158"
"53","696","816","201"
"53","854","999","120"
"53","398","485","810"
"53","792","832","163"
"53","49","640","577"
"53","898","447","745"
"53","51","237","100"
"53","489","769","262"
"53","333","390","991"
"53","748","382","864"
"53","412","117","156"
"53","14","767","466"
"53","927","317","478"
"53","827","222","497"
"53","895","38","828"
"53","726","924","391"
"54","449","759","565"
"54","805","726","762"
"54","586","171","283"
"54","573","472","750"
"54","455","686","228"
"54","757","133","35"
"54","419","533","877"
"54","95","992","527"
"54","115","194","599"
"54","810","806","612"
"54","213","993","388"
"54","743","765","355"
"54","774","843","687"
"54","829","978","961"
"54","466","800","844"
"54","939","361","251"
"54","400","89","791"
"54","125","867","119"
"54","838","935","952"
"54","834","375","896"
"54","580","493","677"
"54","227","926","900"
"54","140","469","372"
"54","151","669","247"
"54","824","270","562"
"54","913","139","773"
"54","584","495","864"
"54","650","692","6"
"54","507","344","557"
"54","608","226","555"
"54","244","339","303"
"54","481","874","544"
"54","1007","158","738"
"54","887","587","834"
"54","899","997","997"
"54","903","913","788"
"54","645","576","441"
"54","317","359","761"
"54","521","572","598"
"54","748","342","374"
"54","462","224","281"
"54","619","804","341"
"54","550","292","537"
"54","794","223","654"
"54","597","500","765"
"54","764","674","585"
"54","91","558","103"
"55","164","472","473"
"55","525","450","205"
"55","359","496","889"
"55","11","549","125"
"55","944","945","879"
"55","797","655","463"
"55","35","91","122"
"55","937","711","599"
"55","116","809","375"
"55","76","70","356"
"55","860","933","405"
"55","190","320","530"
"55","786","730","783"
"55","261","449","740"
"55","961","216","564"
"55","818","847","909"
"55","524","482","172"
"55","332","368","74"
"55","151","453","167"
"55","337","952","570"
"55","167","134","622"
"56","769","244","709"
"56","149","783","429"
"56","97","217","829"
"56","608","980","666"
"56","966","624","566"
"56","455","385","83"
"56","193","230","670"
"56","364","77","316"
"56","121","677","267"
"56","521","358","181"
"56","863","236","478"
"56","426","627","296"
"56","686","228","377"
"56","228","812","192"
"56","581","424","563"
"56","353","408","981"
"56","27","41","894"
"56","98","832","911"
"56","297","487","856"
"56","895","139","355"
"56","585","429","898"
"56","790","982","865"
"56","282","20","197"
"56","10","721","672"
"56","160","665","242"
"56","663","647","592"
"56","8","808","316"
"56","810","798","325"
"56","910","374","587"
"56","123","389","786"
"57","331","193","40"
"57","648","614","786"
"57","860","255","859"
"57","28","390","345"
"57","121","965","216"
"57","277","350","17"
"57","488","382","676"
"57","393","982","550"
"57","760","556","599"
"57","246","228","862"
"57","236","771","801"
"57","67","412","7"
"57","119","575","313"
"57","473","658","24"
"57","654","39","385"
"57","596","938","599"
"57","683","561","51"
"57","776","498","876"
"57","18","288","182"
"57","447","865","647"
"57","478","605","692"
"57","328","926","336"
"57","955","135","43"
"57","103","214","299"
"57","689","61","948"
"57","722","544","909"
"57","777","912","627"
"57","326","780","912"
"57","400","871","964"
"57","12","759","600"
"57","127","86","216"
"58","521","538","311"
"58","543","917","920"
"58","255","21","577"
"58","578","917","981"
"58","819","677","712"
"58","121","195","661"
"58","535","746","673"
"58","490","802","817"
"58","618","143","563"
"58","479","610","329"
"58","158","362","615"
"58","498","711","490"
"58","715","781","336"
"58","297","122","285"
"58","512","275","366"
"58","440","34","249"
"58","758","888","456"
"58","256","646","502"
"58","120","824","227"
"58","579","535","240"
"58","705","487","631"
"58","105","189","403"
"58","869","916","884"
"59","12","175","147"
"59","733","884","393"
"59","45","310","450"
"59","930","960","532"
"59","988","723","287"
"59","15","264","780"
"59","13","358","583"
"59","936","275","82"
"59","865","726","546"
"59","284","143","89"
"59","976","599","776"
"60","791","333","676"
"60","21","977","124"
"60","375","628","344"
"60","131","611","432"
"60","73","522","183"
"60","194","34","699"
"60","757","756","647"
"60","904","195","393"
"60","417","615","581"
"60","20","48","154"
"60","90","388","647"
"60","320","427","413"
"60","880","921","191"
"60","68","266","294"
"60","891","507","141"
"60","277","926","824"
"60","281","37","8"
"60","759","220","799"
"60","177","486","496"
"60","16","997","338"
"60","345","472","493"
"60","448","8","953"
"60","176","441","292"
"60","201","37","492"
"60","360","864","801"
"60","8","838","281"
"60","120","961","212"
"60","547","491","510"
"60","425","307","729"
"60","512","784","531"
"60","184","25","839"
"61","577","84","987"
"61","99","14","608"
"61","392","242","417"
"61","945","352","200"
"61","838","3","348"
"61","969","554","839"
"61","736","480","697"
"61","438","758","737"
"61","293","376","505"
"61","33","76","321"
"61","125","911","937"
"61","453","62","825"
"61","197","430","327"
"61","652","699","291"
"61","928","997","581"
"61","427","84","851"
"61","481","673","491"
"61","83","624","570"
"61","272","673","145"
"61","873","950","806"
"61","141","152","810"
"61","95","359","778"
"61","159","273","720"
"61","26","738","432"
"61","129","65","312"
"61","744","186","639"
"61","632","279","59"
"61","964","37","408"
"61","133","809","944"
"61","340","515","545"
"61","1006","212","287"
"61","752","501","573"
"61","379","829","656"
"61","513","98","756"
"61","147","102","295"
"61","821","383","430"
"61","473","490","549"
"61","63","192","138"
"61","434","880","848"
"61","357","840","744"
"61","929","989","337"
"61","346","643","726"
"61","539","627","651"
"61","852","864","524"
"62","147","182","575"
"62","340","54","52"
"62","827","709","803"
"62","481","16","847"
"62","59","287","364"
"62","446","572","675"
"62","466","85","466"
"62","978","148","623"
"62","805","441","557"
"62","315","73","747"
"62","528","543","942"
"62","529","96","579"
"62","81","880","833"
"62","645","958","193"
"62","45","150","155"
"62","847","36","332"
"62","120","802","460"
"62","832","21","514"
"62","581","432","593"
"62","79","247","790"
"62","128","654","733"
"62","591","422","537"
"62","217","166","400"
"62","411","771","215"
"62","680","336","104"
"62","758","510","415"
"62","375","894","95"
"62","397","764","245"
"63","96","647","197"
"63","795","22","912"
"63","462","813","337"
"63","503","24","86"
"63","548","558","204"
"63","74","175","432"
"63","562","700","723"
"63","998","53","106"
"63","229","852","92"
"63","563","571","97"
"63","554","411","456"
"63","917","419","384"
"63","502","281","742"
"63","176","970","987"
"63","876","951","678"
"64","709","749","23"
"64","902","101","758"
"64","563","168","870"
"64","193","344","567"
"64","92","74","292"
"64","842","903","544"
"64","1006","212","96"
"64","406","119","785"
"64","302","734","274"
"64","1003","484","588"
"64","158","3","922"
"64","361","624","417"
"65","625","10","951"
"65","662","264","719"
"65","841","46","433"
"65","227","804","281"
"65","162","366","780"
"65","596","895","611"
"65","706","881","131"
"65","956","34","351"
"65","784","767","197"
"65","803","758","437"
"65","607","346","323"
"65","964","932","241"
"65","532","775","577"
"65","875","884","419"
"65","605","203","221"
"65","817","417","117"
"65","881","311","873"
"65","926","613","940"
"65","206","347","174"
"65","647","179","526"
"65","883","923","377"
"65","839","691","562"
"65","398","767","595"
"65","454","397","772"
"65","569","848","791"
"65","167","829","924"
"65","802","241","431"
"65","827","913","199"
"65","739","129","698"
"65","274","842","817"
"66","51","335","153"
"66","316","264","932"
"66","727","983","469"
"66","149","147","986"
"66","691","973","216"
"66","858","249","177"
"66","15","992","683"
"66","387","708","724"
"66","994","708","776"
"66","241","240","858"
"66","127","212","588"
"66","491","242","740"
"66","492","250","153"
"66","998","883","605"
"66","402","443","752"
"66","656","978","624"
"66","799","899","617"
"66","584","747","432"
"66","386","650","83"
"66","405","952","465"
"66","830","489","659"
"66","558","466","781"
"66","248","385","926"
"66","73","79","775"
"66","531","834","637"
"66","649","212","774"
"66","946","50","728"
"66","335","91","190"
"66","484","941","837"
"66","374","923","783"
"66","928","533","877"
"67","249","764","740"
"67","678","735","732"
"67","776","200","336"
"67","455","603","739"
"67","106","173","338"
"67","251","390","362"
"67","182","482","967"
"67","895","144","379"
"67","969","830","94"
"67","458","791","721"
"67","127","802","451"
"67","618","242","377"
"67","758","611","131"
"67","350","577","935"
"67","379","922","464"
"67","347","40","571"
"67","600","183","314"
"67","744","978","113"
"67","614","682","202"
"67","962","935","770"
"67","293","177","381"
"67","202","339","864"
"67","399","763","77"
"67","799","406","922"
"67","39","200","389"
"67","975","255","265"
"67","329","496","177"
"67","617","60","46"
"67","237","971","136"
"67","689","537","838"
"67","722","305","288"
"67","150","341","459"
"67","278","48","665"
"67","766","598","534"
"67","418","819","119"
"67","901","638","206"
"67","11","963","68"
"67","365","749","952"
"67","694","230","757"
"67","199","749","172"
"67","979","189","40"
"67","122","745","752"
"68","795","86","647"
"68","613","336","648"
"68","444","248","953"
"68","228","606","489"
"68","18","491","77"
"68","473","245","974"
"68","19","611","428"
"68","927","558","767"
"68","268","597","723"
"68","996","156","798"
"68","897","200","643"
"68","208","694","874"
"68","451","626","501"
"68","741","497","111"
"68","245","58","997"
"68","819","712","298"
"68","719","505","8"
"68","184","178","156"
"68","490","30","634"
"68","453","196","917"
"68","63","412","364"
"68","283","193","71"
"68","991","964","737"
"68","584","872","753"
"68","764","584","580"
"68","1000","362","151"
"68","879","939","6"
"68","47","492","226"
"68","541","991","680"
"68","263","617","511"
"68","336","520","856"
"68","928","208","269"
"68","715","761","474"
"68","902","159","671"
"68","75","866","909"
"69","1000","882","162"
"69","949","476","565"
"69","971","599","68"
"69","86","557","665"
"69","205","310","461"
"69","460","877","418"
"69","476","435","751"
"69","458","91","89"
"69","892","902","694"
"69","601","640","613"
"69","891","671","460"
"69","981","91","104"
"69","294","466","505"
"69","535","175","328"
"69","236","56","931"
"69","540","363","493"
"69","593","398","743"
"69","16","325","624"
"69","850","185","453"
"69","801","63","766"
"69","282","666","165"
"69","954","485","799"
"69","757","244","940"
"69","38","28","242"
"69","647","776","698"
"69","56","436","469"
"69","649","378","382"
"69","650","222","635"
"69","775","251","308"
"69","539","84","569"
"69","790","240","536"
"69","923","124","332"
"69","163","321","65"
"69","495","59","901"
"69","611","191","441"
"69","5","346","52"
"70","505","190","488"
"70","583","227","715"
"70","741","929","440"
"70","522","269","368"
"70","212","827","672"
"70","738","654","614"
"70","444","762","653"
"70","944","98","727"
"70","525","804","191"
"70","653","681","713"
"70","386","454","762"
"70","647","453","71"
"70","698","525","335"
"70","340","240","318"
"70","931","239","982"
"70","44","344","909"
"70","748","763","873"
"70","846","307","256"
"70","254","761","491"
"70","80","607","175"
"70","355","345","853"
"70","409","81","533"
"70","552","461","712"
"70","838","863","896"
"71","966","293","282"
"71","664","595","644"
"71","608","679","467"
"71","373","248","726"
"71","55","814","426"
"71","181","729","161"
"71","835","7","243"
"71","718","954","805"
"71","505","929","739"
"71","509","513","143"
"71","468","246","812"
"72","613","566","293"
"72","296","778","38"
"72","150","578","945"
"72","48","305","163"
"72","324","577","947"
"72","748","931","851"
"72","819","260","471"
"72","830","719","498"
"72","544","348","150"
"72","663","46","407"
"72","329","407","845"
"72","252","575","475"
"72","637","385","990"
"72","1007","677","778"
"72","781","396","602"
"72","543","596","396"
"72","670","211","376"
"72","393","114","819"
"72","343","662","695"
"72","739","785","533"
"72","438","155","906"
"72","452","164","766"
"72","371","600","758"
"72","974","729","86"
"72","287","945","320"
"72","364","565","355"
"72","78","496","535"
"72","930","57","620"
"72","295","154","367"
"72","345","892","720"
"72","486","997","752"
"72","31","374","106"
"73","47","258","16"
"73","763","405","139"
"73","556","775","779"
"73","864","699","749"
"73","801","707","236"
"73","104","18","126"
"73","786","186","549"
"73","641","763","340"
"73","223","211","726"
"73","537","441","860"
"73","234","111","932"
"73","368","453","411"
"73","754","777","142"
"73","462","128","865"
"74","657","173","228"
"74","191","781","918"
"74","2","75","590"
"74","340","163","58"
"74","812","973","823"
"74","832","563","766"
"74","97","550","41"
"74","905","802","879"
"74","394","517","694"
"74","588","807","734"
"74","860","194","225"
"74","908","159","343"
"74","659","218","202"
"74","572","547","958"
"74","280","224","992"
"74","579","762","807"
"74","732","240","530"
"74","523","925","829"
"74","196","797","523"
"74","505","308","946"
"74","487","655","30"
"74","768","644","33"
"74","594","148","886"
"74","76","470","368"
"74","320","877","807"
"74","405","702","656"
"74","605","441","421"
"74","862","10","477"
"74","308","642","378"
"74","119","64","280"
"74","323","715","210"
"75","585","2","421"
"75","199","76","477"
"75","504","295","524"
"75","339","228","887"
"75","89","160","251"
"75","990","643","822"
"75","690","189","994"
"75","177","468","560"
"75","836","889","23"
"75","782","317","82"
"75","180","389","270"
"75","866","339","201"
"75","549","667","262"
"75","405","402","487"
"75","887","951","662"
"75","378","379","957"
"75","741","934","525"
"75","662","512","606"
"75","992","318","315"
"75","447","811","869"
"75","530","69","773"
"76","496","686","923"
"76","368","771","716"
"76","542","736","469"
"76","216","176","919"
"76","249","29","620"
"76","381","421","211"
"76","878","849","265"
"76","265","618","172"
"76","234","702","858"
"76","531","219","243"
"76","604","425","404"
"76","374","3","523"
"76","351","277","211"
"76","403","862","551"
"76","872","163","325"
"76","95","213","565"
"76","999","698","691"
"76","367","337","336"
"76","825","502","196"
"76","86","315","321"
"76","87","236","820"
"76","549","700","458"
"76","271","335","973"
"76","965","737","43"
"76","491","765","183"
"76","584","60","760"
"76","412","358","927"
"76","770","983","365"
"76","819","262","181"
"76","59","102","67"
"76","62","177","121"
"76","232","549","888"
"76","526","495","902"
"76","497","186","654"
"76","207","487","649"
"76","281","58","177"
"76","817","300","865"
"76","341","464","672"
"76","190","271","815"
"76","948","636","357"
"76","415","469","208"
"76","443","401","683"
"76","382","351","154"
"76","112","866","986"
"77","232","324","705"
"77","423","549","493"
"77","885","708","993"
"77","26","885","494"
"77","664","784","850"
"77","112","718","687"
"77","493","186","833"
"77","73","110","824"
"77","757","832","457"
"77","781","48","446"
"77","204","817","891"
"77","808","110","930"
"77","438","807","449"
"77","572","539","614"
"77","299","826","250"
"77","818","102","205"
"77","293","740","25"
"77","901","814","137"
"77","309","532","506"
"77","35","719","846"
"77","892","176","216"
"77","166","189","561"
"77","567","925","961"
"77","154","862","42"
"77","23","622","108"
"77","539","912","227"
"77","671","203","689"
"77","561","730","990"
"77","876","71","187"
"77","413","126","447"
"77","101","713","922"
"77","811","356","264"
"77","909","62","585"
"77","803","842","269"
"77","964","435","620"
"77","476","908","488"
"77","75","869","2"
"77","312","470","907"
"77","223","780","706"
"78","683","681","690"
"78","473","890","17"
"78","551","557","428"
"78","633","554","475"
"78","988","770","195"
"78","496","738","853"
"78","547","296","304"
"78","990","488","358"
"78","614","829","898"
"78","74","911","229"
"79","937","613","700"
"79","8","103","646"
"79","439","773","425"
"79","241","593","397"
"79","662","168","771"
"79","193","577","713"
"79","14","891","680"
"79","9","564","440"
"79","728","614","701"
"79","182","355","416"
"79","163","215","243"
"79","946","149","613"
"79","818","988","791"
"79","211","137","961"
"79","646","867","218"
"79","966","95","274"
"79","553","500","920"
"79","405","828","787"
"79","113","826","61"
"79","480","613","461"
"79","960","961","942"
"79","432","769","267"
"79","989","529","318"
"79","302","635","479"
"79","886","344","514"
"79","395","191","777"
"79","792","943","418"
"79","674","101","377"
"79","740","959","174"
"79","578","832","621"
"79","381","92","258"
"79","703","392","337"
"79","944","954","26"
"80","822","822","981"
"80","772","881","746"
"80","8","700","317"
"80","863","410","97"
"80","679","203","376"
"80","16","673","585"
"80","955","627","276"
"80","355","861","462"
"80","694","851","64"
"80","530","699","947"
"80","860","774","267"
"80","101","666","781"
"80","278","746","855"
"80","738","619","523"
"80","50","184","900"
"80","970","592","205"
"80","545","760","558"
"80","2","586","483"
"80","7","63","893"
"80","740","596","181"
"80","789","27","441"
"80","427","788","846"
"80","38","19","930"
"80","836","301","530"
"80","17","424","91"
"80","411","38","803"
"80","620","636","173"
"80","607","664","219"
"80","711","348","446"
"80","628","544","936"
"80","298","55","399"
"80","676","480","479"
"80","840","946","955"
"80","143","619","725"
"80","142","666","699"
"80","389","591","222"
"80","757","494","598"
"80","665","408","708"
"80","307","462","678"
"80","303","33","657"
"80","434","456","213"
"80","972","373","869"
"81","504","861","101"
"81","961","571","16"
"81","742","62","751"
"81","532","301","460"
"81","107","152","898"
"81","251","917","900"
"81","581","236","542"
"81","1000","279","495"
"81","282","463","285"
"81","952","615","796"
"81","209","249","886"
"81","419","682","880"
"81","949","329","167"
"81","719","366","456"
"81","138","48","932"
"81","899","739","718"
"81","445","101","787"
"81","243","873","316"
"82","73","410","763"
"82","849","126","304"
"82","834","18","29"
"82","246","267","474"
"82","108","899","48"
"82","15","374","24"
"82","234","574","493"
"82","271","618","181"
"82","630","963","261"
"82","608","363","546"
"82","466","940","263"
"82","379","727","187"
"82","185","930","225"
"82","149","579","778"
"82","327","982","803"
"82","805","195","527"
"82","153","105","864"
"82","318","916","119"
"82","697","88","792"
"82","744","755","112"
"82","463","267","353"
"82","89","333","123"
"82","223","555","945"
"82","584","510","43"
"82","215","150","296"
"82","814","586","179"
"82","625","415","438"
"82","596","966","167"
"82","712","671","461"
"82","49","707","340"
"82","844","567","97"
"82","655","44","607"
"82","725","459","740"
"82","851","96","376"
"82","138","289","592"
"82","597","605","942"
"82","320","910","589"
"82","505","185","138"
"82","933","80","42"
"82","461","543","926"
"82","202","957","332"
"82","675","370","844"
"82","279","922","833"
"82","286","705","826"
"82","818","207","241"
"82","669","602","216"
"83","254","795","899"
"83","13","872","198"
"83","674","226","868"
"83","641","547","161"
"83","796","534","595"
"83","845","82","916"
"83","459","401","255"
"83","682","43","30"
"83","10","646","574"
"83","814","110","416"
"83","421","666","773"
"83","273","62","128"
"83","297","966","824"
"83","579","190","636"
"83","847","78","62"
"83","876","979","987"
"83","401","244","441"
"83","676","339","693"
"83","29","29","457"
"83","50","774","822"
"83","670","665","646"
"83","491","318","168"
"83","681","490","368"
"83","992","529","710"
"83","852","627","332"
"83","574","885","401"
"83","142","26","568"
"83","623","112","158"
"83","817","290","852"
"83","437","983","202"
"83","370","292","79"
"83","749","157","688"
"83","326","517","281"
"83","775","404","672"
"83","175","799","112"
"83","1000","215","300"
"83","853","387","238"
"83","195","191","688"
"83","975","121","945"
"83","551","144","402"
"83","132","812","246"
"83","66","490","662"
"83","526","822","342"
"83","626","525","63"
"84","570","779","904"
"84","458","724","117"
"84","976","406","137"
"84","243","456","933"
"84","755","164","878"
"84","507","957","337"
"84","636","161","72"
"84","705","430","504"
"84","156","438","927"
"84","338","932","876"
"84","234","742","422"
"84","235","479","930"
"84","188","449","831"
"84","8","719","660"
"84","375","522","138"
"84","539","136","193"
"84","179","402","577"
"84","728","568","72"
"84","43","777","385"
"84","402","56","874"
"84","626","560","857"
"84","332","655","993"
"84","233","722","278"
"84","336","280","630"
"84","726","699","172"
"84","632","944","446"
"84","868","101","835"
"84","896","309","769"
"84","992","121","447"
"84","18","664","748"
"84","738","566","445"
"84","980","424","366"
"85","418","907","869"
"85","538","530","958"
"85","896","826","27"
"85","550","751","148"
"85","994","951","39"
"85","388","604","143"
"85","513","74","226"
"85","940","875","45"
"85","795","723","706"
"85","115","348","348"
"85","857","404","882"
"85","467","235","180"
"85","935","892","416"
"85","620","726","576"
"85","48","552","354"
"85","615","604","413"
"86","867","36","989"
"86","319","654","462"
"86","73","223","936"
"86","69","262","525"
"86","659","555","653"
"86","960","470","275"
"86","551","489","938"
"86","625","294","907"
"86","65","471","15"
"86","82","45","219"
"86","168","610","951"
"86","852","409","883"
"86","592","908","737"
"86","769","952","671"
"86","927","769","857"
"86","19","533","209"
"86","67","884","2"
"86","479","181","172"
"86","662","35","708"
"86","940","299","668"
"86","295","61","223"
"86","943","96","542"
"86","91","815","898"
"86","385","126","402"
"86","36","623","847"
"86","944","749","418"
"86","193","690","629"
"86","397","48","581"
"86","785","676","824"
"86","511","980","59"
"86","510","302","881"
"86","614","507","436"
"86","800","923","512"
"86","197","632","217"
"86","792","831","526"
"87","236","849","527"
"87","443","484","546"
"87","175","108","780"
"87","207","759","78"
"87","122","333","56"
"87","181","139","204"
"87","83","333","281"
"87","241","642","178"
"87","34","757","91"
"87","667","692","333"
"87","792","242","914"
"87","629","451","451"
"87","60","407","272"
"87","606","945","672"
"87","322","298","184"
"87","421","931","571"
"87","983","930","696"
"87","543","780","730"
"87","71","941","791"
"87","2","570","524"
"87","184","878","765"
"87","707","118","392"
"87","121","33","411"
"87","852","894","560"
"87","911","583","87"
"87","945","25","346"
"87","0","699","210"
"87","49","922","985"
"87","682","628","732"
"87","906","237","856"
"87","695","145","161"
"87","972","35","527"
"87","1008","311","141"
"87","63","627","43"
"87","222","411","389"
"87","812","675","805"
"87","544","768","642"
"87","437","514","145"
"87","740","5","785"
"87","387","667","298"
"87","276","607","767"
"88","316","346","89"
"88","77","235","811"
"88","95","668","353"
"88","345","913","408"
"88","628","362","255"
"88","542","814","103"
"88","593","84","737"
"88","174","186","487"
"88","387","455","924"
"88","973","574","834"
"88","366","640","588"
"88","839","941","959"
"88","548","103","540"
"88","111","10","594"
"88","299","741","832"
"88","566","44","831"
"88","527","453","547"
"88","110","374","626"
"88","890","703","142"
"88","637","458","531"
"89","580","221","983"
"89","834","715","420"
"89","298","800","875"
"89","592","336","595"
"89","80","791","621"
"89","680","978","708"
"89","185","756","856"
"89","16","113","368"
"89","597","848","654"
"89","407","231","691"
"89","335","361","761"
"89","390","553","861"
"89","884","662","74"
"89","1001","869","372"
"89","206","231","859"
"89","126","267","526"
"89","891","362","801"
"89","288","149","354"
"89","36","417","281"
"89","968","799","562"
"89","369","262","726"
"89","433","24","825"
"89","887","214","185"
"89","763","704","520"
"89","849","933","870"
"89","78","371","963"
"89","881","104","302"
"89","555","832","941"
"89","946","968","519"
"89","459","149","182"
"89","997","53","758"
"89","902","823","699"
"90","106","95","365"
"90","958","958","786"
"90","26","179","807"
"90","533","821","872"
"90","908","653","510"
"90","949","481","392"
"90","965","754","709"
"90","997","752","404"
"90","574","380","250"
"90","449","526","479"
"90","593","73","482"
"90","766","898","806"
"90","452","222","242"
"90","893","531","918"
"90","749","360","597"
"90","339","211","394"
"90","438","748","838"
"90","48","486","626"
"90","148","874","909"
"90","504","396","956"
"90","28","732","429"
"90","781","259","236"
"91","475","689","917"
"91","280","200","19"
"91","416","266","174"
"91","307","479","819"
"91","441","722","146"
"91","17","267","472"
"91","110","342","343"
"91","621","173","384"
"91","588","100","869"
"91","632","191","493"
"91","255","771","391"
"91","753","919","782"
"91","178","919","146"
"91","778","582","734"
"91","998","32","55"
"91","712","247","811"
"91","786","230","774"
"91","594","38","712"
"91","867","986","348"
"91","208","122","232"
"91","239","860","252"
"91","106","523","64"
"91","540","687","347"
"91","522","186","622"
"91","773","674","836"
"91","189","484","426"
"91","869","206","547"
"91","322","440","877"
"91","996","768","964"
"91","575","875","676"
"91","470","506","343"
"92","726","767","579"
"92","719","351","720"
"92","398","903","599"
"92","382","128","485"
"92","1006","715","427"
"92","4","448","538"
"92","387","175","95"
"92","895","31","655"
"92","397","146","712"
"92","842","590","230"
"92","643","218","443"
"92","354","128","588"
"92","974","347","901"
"92","110","693","541"
"92","792","92","232"
"92","498","761","439"
"92","303","513","8"
"92","270","73","581"
"92","595","745","81"
"92","951","508","258"
"92","431","91","199"
"92","765","250","738"
"92","599","50","787"
"92","77","512","254"
"92","706","196","899"
"92","863","646","266"
"92","910","42","279"
"92","43","721","453"
"92","132","775","811"
"92","766","701","616"
"92","606","872","676"
"92","584","887","610"
"92","975","77","438"
"92","207","363","459"
"92","540","923","404"
"92","578","546","948"
"92","521","729","490"
"92","102","584","423"
"92","722","14","101"
"92","390","63","471"
"93","623","394","124"
"93","418","28","224"
"93","451","655","689"
"93","172","756","650"
"93","775","599","439"
"93","746","647","672"
"93","395","881","498"
"93","720","107","802"
"93","19","551","392"
"93","333","159","387"
"93","204","275","560"
"93","569","572","227"
"93","123","452","682"
"93","305","392","618"
"93","904","556","804"
"93","159","110","341"
"93","738","13","649"
"93","6","514","116"
"93","649","93","327"
"93","332","685","376"
"93","970","88","232"
"93","203","787","36"
"93","846","258","130"
"93","352","282","791"
"93","429","870","133"
"94","903","425","718"
"94","728","451","774"
"94","522","24","971"
"94","53","753","618"
"94","199","850","938"
"94","871","487","251"
"94","860","861","452"
"94","384","693","359"
"94","430","299","806"
"94","284","982","831"
"94","544","461","205"
"94","685","965","246"
"94","920","706","478"
"94","34","59","575"
"94","626","732","60"
"94","409","682","281"
"94","255","28","733"
"94","389","942","140"
"94","863","609","384"
"94","959","486","187"
"94","214","354","129"
"94","527","510","17"
"94","309","700","771"
"94","525","971","726"
"94","492","568","62"
"94","63","312","40"
"94","778","564","89"
"94","128","479","675"
"94","666","665","822"
"94","66","407","728"
"94","627","721","762"
"94","7","960","873"
"94","566","687","862"
"94","821","89","685"
"94","265","332","343"
"94","270","410","404"
"94","394","166","838"
"94","701","839","114"
"94","572","395","390"
"94","115","396","209"
"94","547","321","392"
"94","110","319","544"
"94","465","58","332"
"94","976","937","932"
"94","263","602","708"
"94","995","529","684"
"94","849","242","106"
"94","446","923","589"
"94","222","70","488"
"94","980","309","665"
"95","117","795","917"
"95","17","600","543"
"95","392","202","641"
"95","92","737","430"
"95","803","669","628"
"95","530","991","972"
"95","208","430","53"
"95","84","790","895"
"95","52","895","570"
"95","631","309","196"
"95","839","310","975"
"95","65","757","755"
"95","961","390","667"
"95","920","954","440"
"95","579","769","485"
"95","487","506","350"
"95","923","361","671"
"95","657","982","484"
"95","951","993","221"
"95","879","944","282"
"96","556","920","669"
"96","333","339","212"
"96","850","976","655"
"96","558","307","858"
"96","96","637","937"
"96","683","377","41"
"96","146","632","977"
"96","462","916","905"
"96","739","652","277"
"96","882","311","178"
"96","115","193","834"
"96","873","500","118"
"96","664","88","889"
"96","226","235","857"
"96","357","745","282"
"96","594","490","391"
"96","749","386","926"
"96","659","621","237"
"96","795","898","463"
"96","947","152","209"
"96","88","685","889"
"96","472","722","819"
"96","896","758","548"
"96","978","71","758"
"96","971","289","531"
"96","505","562","937"
"96","421","929","54"
"96","967","210","577"
"96","808","440","789"
"96","736","867","584"
"96","835","330","520"
"96","298","263","234"
"96","831","487","697"
"96","622","98","703"
"96","917","816","592"
"97","651","586","691"
"97","254","382","915"
"97","999","129","693"
"97","265","342","399"
"97","660","347","947"
"97","382","199","699"
"97","725","917","237"
"97","436","832","853"
"97","845","299","86"
"97","242","409","203"
"97","276","755","50"
"97","572","923","25"
"97","111","542","213"
"97","640","388","303"
"97","639","364","946"
"97","20","511","734"
"97","940","687","508"
"97","945","361","574"
"97","988","80","878"
"97","595","571","678"
"97","327","799","769"
"97","560","143","10"
"97","863","761","841"
"97","961","535","235"
"97","258","758","618"
"97","175","885","904"
"97","139","410","543"
"97","975","363","228"
"97","409","796","581"
"97","310","249","791"
"97","31","25","923"
"97","877","439","721"
"97","663","376","832"
"97","353","484","402"
"97","567","441","357"
"97","62","475","33"
"97","935","223","572"
"97","374","480","833"
"97","511","244","781"
"97","120","855","920"
"97","757","184","584"
"97","900","558","220"
"97","245","149","736"
"97","806","374","738"
"97","636","96","272"
"97","713","184","983"
"97","395","423","5"
"97","841","966","617"
"97","351","325","146"
"98","293","737","768"
"98","516","861","542"
"98","774","783","876"
"98","988","45","557"
"98","528","128","243"
"98","960","398","361"
"98","752","350","682"
"98","649","61","375"
"98","311","166","330"
"98","418","49","942"
"98","147","702","922"
"98","27","150","45"
"98","107","140","9"
"98","310","142","557"
"98","408","996","506"
"98","102","787","605"
"98","696","185","64"
"98","792","334","974"
"98","540","331","283"
"98","968","716","473"
"98","109","443","667"
"98","87","636","788"
"98","689","839","135"
"98","125","889","595"
"98","401","543","678"
"98","254","62","64"
"98","324","319","409"
"98","623","705","612"
"98","233","60","650"
"98","216","791","976"
"98","656","428","139"
"98","594","89","551"
"98","611","526","830"
"99","300","736","337"
"99","808","338","587"
"99","968","410","977"
"99","726","365","16"
"99","104","195","65"
"99","675","84","669"
"99","734","649","795"
"99","290","982","588"
"99","707","940","819"
"99","799","15","837"
"99","82","476","763"
"99","445","153","61"
"99","479","64","981"
"99","642","715","859"
"99","902","593","808"
"99","657","597","441"
"99","304","640","340"
"99","476","2","752"
"99","377","50","249"
"99","715","526","53"
"99","696","483","215"
"99","432","389","724"
"99","294","179","804"
"99","121","367","595"
"99","424","742","66"
"99","315","248","575"
"99","391","621","397"
"99","303","722","366"
"99","398","112","420"
"99","821","165","413"
"99","385","953","359"
"99","501","177","277"
"99","93","777","515"
"99","643","388","93"
"99","63","960","578"
"99","163","320","174"
"99","766","530","475"
"99","515","899","943"
"99","23","233","237"
"99","399","59","635"
"99","811","27","484"
"99","286","955","331"
"99","552","736","229"
"99","159","782","770"
"99","91","917","101"
"99","189","811","811"
"99","853","448","754"
"99","22","415","689"
"99","899","587","934"
