"0","99","572","76","2000-02-17 07:27:52","141.28384541527097","18","delivered"
"1","95","11","44","2010-06-04 02:11:36","61.22764441272106","3","delivered"
"2","0","35","26","2017-01-13 19:07:01","123.31179062568356","3","shipped"
"3","84","117","17","2009-01-03 16:36:31","162.15059389697979","10","delivered"
"4","40","403","65","2016-03-09 03:19:41","168.70717938872943","2","delivered"
"5","70","480","62","2014-07-28 12:37:31","76.32464855880932","19","pending"
"6","71","653","26","2015-11-16 12:20:53","135.93191373161972","18","delivered"
"7","51","576","69","2013-06-21 10:58:37","19.694061433267997","17","delivered"
"8","71","942","71","2014-12-31 23:38:27","150.38863536709576","7","delivered"
"9","88","597","31","2017-10-16 17:59:59","85.3485046986837","14","delivered"
"10","40","513","62","2018-03-02 23:25:48","74.74676835347101","18","pending"
"11","61","281","11","2004-03-16 07:36:48","117.96500504464379","20","pending"
"12","67","1008","42","2006-11-08 05:40:12","16.000026331155514","6","shipped"
"13","77","942","91","2012-06-06 17:04:43","165.8494025812986","19","pending"
"14","1","808","21","2008-02-16 07:17:58","11.829658138098102","7","pending"
"15","10","572","81","2009-03-24 17:31:45","47.41579632457516","2","pending"
"16","51","112","31","2020-05-19 12:29:58","137.41291978650065","5","shipped"
"17","86","552","4","2021-09-16 16:56:15","32.67788313414448","4","delivered"
"18","3","423","65","2009-12-11 01:01:18","132.26302109650024","20","delivered"
"19","34","513","83","2015-01-22 10:02:14","99.79995731158526","9","pending"
"20","20","483","49","2018-11-12 22:03:59","129.83448955142802","5","shipped"
"21","66","150","81","2001-06-23 14:15:27","2.061339324086364","13","delivered"
"22","89","332","24","2007-08-23 06:07:59","164.07997379462375","3","delivered"
"23","75","814","58","2017-07-02 09:35:26","144.56033010796276","18","pending"
"24","57","580","93","2000-02-02 05:30:45","161.46208851309765","3","pending"
"25","58","98","27","2023-02-20 23:07:40","151.80995181721113","14","shipped"
"26","67","855","39","2016-02-03 14:04:21","173.26178326435664","11","delivered"
"27","25","84","18","2002-02-15 06:04:16","75.25903584810541","12","pending"
"28","66","764","43","2015-07-22 03:50:20","20.088055821208865","20","shipped"
"29","48","653","74","2005-05-28 17:37:18","168.5955946743857","2","delivered"
"30","86","118","59","2019-10-31 09:19:25","66.94895579701725","7","pending"
"31","31","128","21","2019-10-29 02:38:24","17.661461079318144","7","delivered"
"32","36","988","95","2018-07-24 06:27:07","22.98759588447856","5","delivered"
"33","13","114","50","2006-03-01 23:18:25","39.63678744789567","12","delivered"
"34","14","707","83","2018-12-04 01:48:30","124.21886258115242","4","delivered"
"35","31","195","49","2022-09-27 01:25:23","9.8369384593227","17","pending"
"36","76","950","73","2008-01-27 14:21:42","36.837612217481706","5","pending"
"37","55","519","48","2022-08-10 01:13:40","1.0673385125200834","6","delivered"
"38","92","606","3","2002-10-30 22:48:39","71.65785074312979","1","pending"
"39","89","966","62","2014-12-14 19:56:28","112.16075865167228","11","pending"
"40","85","839","8","2015-10-30 23:37:33","145.04360030223484","8","delivered"
"41","70","707","50","2013-12-29 11:10:40","25.565768731111753","2","delivered"
"42","58","118","65","2002-08-10 19:57:02","48.14443918627156","8","shipped"
"43","80","217","4","2010-10-15 21:36:59","173.01051716699746","11","delivered"
"44","24","57","2","2022-06-29 00:29:02","83.44510056151724","5","shipped"
"45","85","147","57","2020-01-25 14:43:25","99.69745060753037","2","shipped"
"46","78","514","28","2015-08-08 15:16:05","120.68832910739899","16","pending"
"47","57","999","20","2010-08-05 14:25:06","6.715883778487274","13","shipped"
"48","73","807","12","2003-08-22 23:04:53","85.01204940924163","16","delivered"
"49","24","325","84","2021-01-17 05:07:33","180.03952756016722","9","shipped"
"50","90","984","98","2004-09-27 21:13:11","87.99775258623323","7","shipped"
"51","75","855","24","2022-11-29 02:58:47","186.0364474689445","2","pending"
"52","0","869","89","2002-04-17 20:15:46","159.50679503802206","7","shipped"
"53","39","33","47","2007-07-19 09:13:53","70.46139275302542","17","pending"
"54","78","551","44","2015-08-03 04:18:38","187.16192015537456","1","pending"
"55","73","492","79","2006-07-15 19:33:16","60.04612672495991","12","pending"
"56","22","611","9","2022-08-08 11:45:46","54.448529083265576","10","delivered"
"57","52","371","2","2006-01-14 18:52:21","161.06746532581514","17","delivered"
"58","97","525","8","2020-01-03 12:25:41","98.46849305013723","17","delivered"
"59","10","244","97","2007-05-31 17:03:18","174.84606907331303","2","shipped"
"60","73","674","29","2015-09-20 07:51:27","56.52075324656874","12","pending"
"61","53","405","74","2010-05-29 10:35:10","195.2913390943553","17","delivered"
"62","69","877","35","2016-09-08 07:03:05","167.29665919973075","12","delivered"
"63","15","14","95","2017-04-10 19:09:48","186.20576547134013","6","delivered"
"64","58","710","54","2018-06-12 15:41:22","134.7048288129454","11","delivered"
"65","94","377","79","2002-06-13 05:59:25","186.59313484253312","4","shipped"
"66","57","94","64","2013-02-08 22:27:25","138.20637164316574","3","delivered"
"67","15","54","1","2009-04-24 22:34:36","120.84104475262436","5","pending"
"68","40","808","56","2001-08-19 10:40:08","111.69284492685178","3","delivered"
"69","15","564","70","2018-08-20 21:45:08","28.574848236705513","17","shipped"
"70","4","333","45","2013-09-07 02:20:28","113.80347751836155","20","shipped"
"71","77","619","26","2014-07-15 06:21:26","147.58057876263726","18","delivered"
"72","33","602","17","2013-04-20 00:15:55","124.65158126310874","9","delivered"
"73","90","344","8","2010-02-01 17:44:53","23.893039241761183","8","delivered"
"74","64","457","92","2022-06-30 20:19:44","126.1211238552023","8","shipped"
"75","76","158","55","2005-05-21 01:34:37","134.1339932402268","9","shipped"
"76","86","818","53","2009-12-27 20:45:48","181.2388009318217","9","shipped"
"77","59","577","44","2018-06-13 22:48:16","160.72652473081018","16","delivered"
"78","95","668","11","2018-01-09 18:41:08","182.52016277029333","14","shipped"
"79","7","12","35","2002-03-12 09:21:45","103.61685640801822","9","shipped"
"80","47","850","31","2017-11-14 11:51:31","48.877031831299895","13","shipped"
"81","36","892","19","2010-05-23 10:57:31","89.97631672259968","16","pending"
"82","35","733","76","2001-07-22 05:16:32","98.02239832537629","9","shipped"
"83","63","564","14","2007-08-22 22:49:35","117.48885967319494","14","shipped"
"84","61","233","20","2004-03-20 00:44:49","179.52529077619332","8","shipped"
"85","0","926","74","2005-10-13 15:04:48","183.8152782683952","2","delivered"
"86","78","433","16","2001-11-17 10:24:36","103.09918171430373","18","delivered"
"87","18","289","1","2019-04-24 03:48:45","22.32129927004282","13","pending"
"88","17","772","69","2010-07-20 04:29:03","13.14403060843564","15","shipped"
"89","10","552","69","2008-09-29 20:35:36","113.51754689553533","12","delivered"
"90","5","631","5","2012-06-29 03:08:04","148.90584733576256","17","delivered"
"91","64","454","53","2001-10-12 18:55:52","156.05368787368903","19","shipped"
"92","84","229","87","2022-01-14 16:53:46","34.2229595810153","16","pending"
"93","3","200","68","2018-09-21 19:37:57","1.5069455974814636","13","shipped"
"94","9","456","40","2023-03-24 15:42:54","93.01213732673615","13","pending"
"95","17","928","4","2016-04-09 04:34:01","141.98377219315552","18","pending"
"96","69","395","75","2002-09-16 15:22:23","121.45619627606901","14","pending"
"97","68","294","21","2015-01-16 16:51:41","67.79197422233001","6","delivered"
"98","40","415","15","2009-04-21 17:48:48","101.36012963909927","1","delivered"
"99","76","907","14","2004-12-01 14:58:47","101.36471785242337","16","pending"
"100","32","487","66","2012-07-07 20:09:18","58.60783876052785","6","delivered"
"101","40","957","26","2006-11-14 02:19:06","85.31512808013515","4","delivered"
"102","4","835","5","2013-01-25 10:05:10","8.479240190102061","16","shipped"
"103","79","492","54","2020-05-18 17:42:32","38.54010208496388","4","shipped"
"104","11","557","20","2023-10-01 10:41:59","44.406658396836534","12","delivered"
"105","42","962","84","2016-04-22 12:23:49","45.853429596093335","1","delivered"
"106","68","500","25","2018-10-04 02:15:02","199.55265563114244","1","pending"
"107","96","825","61","2001-08-21 12:36:00","6.580757268735542","1","shipped"
"108","39","33","66","2015-01-23 06:24:00","152.97149846722724","9","pending"
"109","69","972","20","2002-07-05 06:33:51","19.698690107836327","13","pending"
"110","8","118","89","2004-02-16 12:54:16","95.8138861395143","4","pending"
"111","18","866","11","2011-01-26 08:32:55","156.21679085606908","4","delivered"
"112","13","985","56","2012-12-08 21:31:57","58.805588022328386","16","shipped"
"113","92","476","62","2006-03-31 18:42:07","147.24004901001385","16","shipped"
"114","92","368","18","2014-04-30 09:05:09","28.464203018710833","16","delivered"
"115","35","198","81","2022-06-13 18:50:11","97.82181918164675","16","delivered"
"116","46","861","11","2022-06-04 16:07:17","157.73948677901157","6","delivered"
"117","19","502","74","2013-05-30 13:09:26","42.11103730813231","8","shipped"
"118","86","91","54","2012-09-27 01:08:47","17.11375462442292","18","delivered"
"119","66","919","86","2001-02-15 16:32:36","96.96802770949853","19","pending"
"120","94","715","96","2005-03-07 03:16:01","70.96338145547178","3","pending"
"121","90","27","15","2004-01-28 10:32:10","77.02588272744987","5","pending"
"122","7","457","91","2007-08-17 03:32:32","130.87593517817936","10","pending"
"123","67","921","57","2015-05-02 00:19:08","40.695916045879606","13","delivered"
"124","91","847","71","2016-04-21 01:49:42","191.09277125528328","8","shipped"
"125","8","175","6","2003-01-08 15:33:08","77.9094843375479","13","pending"
"126","57","150","69","2017-04-18 20:57:23","149.16149609329747","4","shipped"
"127","21","745","79","2023-04-30 19:30:36","170.7501604455604","8","pending"
"128","78","334","15","2017-03-16 05:39:30","177.1966940028847","18","delivered"
"129","25","133","68","2015-03-07 14:53:34","104.19988560219672","10","shipped"
"130","88","250","28","2012-02-23 14:39:10","181.8229897826262","16","pending"
"131","35","956","68","2002-10-31 15:22:18","115.23990836455299","8","pending"
"132","31","270","71","2007-09-06 04:39:50","196.0172581044062","18","shipped"
"133","41","296","9","2004-01-26 08:00:52","14.235299661292283","14","pending"
"134","6","581","41","2007-03-29 08:44:16","164.20107152715823","15","shipped"
"135","99","788","14","2005-12-12 18:22:21","133.1667308610474","14","pending"
"136","69","910","51","2001-11-20 19:49:35","18.39597235884707","17","pending"
"137","69","503","4","2022-03-06 21:26:05","42.72151396047548","20","shipped"
"138","13","910","8","2007-06-10 20:16:16","157.99791818276157","10","pending"
"139","84","648","47","2009-02-24 03:09:51","161.65990755144685","1","pending"
"140","46","338","31","2005-11-25 07:46:05","136.77526595496258","11","delivered"
"141","7","1003","17","2020-12-15 00:31:21","166.77945053031178","16","delivered"
"142","86","977","44","2008-11-18 12:32:57","73.47453949914714","3","shipped"
"143","34","666","81","2021-03-06 11:55:27","32.3309638382936","2","delivered"
"144","26","433","10","2023-08-17 21:49:05","131.20815702420094","1","pending"
"145","46","966","58","2014-10-01 17:39:10","89.80169227515164","13","pending"
"146","40","921","14","2014-06-05 10:36:42","159.67139320704774","1","shipped"
"147","59","419","90","2011-10-19 12:37:26","106.48007411942936","12","pending"
"148","61","332","10","2022-11-17 12:50:15","58.18333987680796","9","delivered"
"149","5","673","46","2012-08-22 16:29:34","155.3353043333026","12","delivered"
"150","99","898","53","2005-04-23 23:08:27","190.6577874856498","5","delivered"
"151","40","640","33","2005-03-14 23:15:11","165.87241967390264","18","pending"
"152","45","60","87","2013-08-17 12:45:08","25.881797172525992","10","shipped"
"153","40","581","37","2020-11-24 14:59:18","182.61011508626572","1","pending"
"154","58","813","22","2004-05-07 12:46:44","147.44705681877213","6","shipped"
"155","19","987","14","2023-09-13 06:08:16","75.13940365307033","10","shipped"
"156","50","788","15","2004-06-28 06:27:15","157.23285008798572","18","pending"
"157","33","296","79","2023-01-26 13:22:49","49.61559585921803","4","pending"
"158","80","481","71","2006-03-20 00:28:32","11.655926232061582","13","pending"
"159","70","682","23","2023-11-12 19:16:23","8.184516553157291","20","shipped"
"160","84","309","54","2006-02-02 10:56:15","100.74909018295153","8","pending"
"161","82","643","50","2002-09-09 16:25:51","42.0505873072961","9","shipped"
"162","54","558","94","2001-07-09 17:28:18","161.95421657364008","5","delivered"
"163","58","737","91","2003-11-24 12:39:19","40.97810470731063","17","pending"
"164","88","148","80","2004-02-07 09:25:34","150.97186628754295","15","delivered"
"165","83","909","62","2006-06-24 04:09:23","148.25793368728552","17","pending"
"166","17","109","67","2004-10-15 06:41:23","69.72565083531371","6","delivered"
"167","20","692","73","2002-01-23 07:45:10","73.11966304588073","16","shipped"
"168","8","673","81","2007-09-24 10:04:04","151.78767591623046","20","shipped"
"169","25","496","23","2000-01-12 19:14:59","99.88676361196201","17","pending"
"170","32","989","27","2016-07-26 19:34:16","68.79200128918089","4","shipped"
"171","46","350","49","2001-10-16 21:50:38","160.90084336000302","12","shipped"
"172","35","576","57","2016-09-28 18:40:45","47.68253839735935","4","delivered"
"173","29","242","70","2015-07-04 13:26:29","123.21815769717276","9","pending"
"174","6","40","20","2003-05-17 09:57:05","66.30547672883569","2","pending"
"175","49","928","61","2009-05-30 20:24:29","32.7029299506197","5","shipped"
"176","66","294","22","2010-09-28 09:15:27","110.7296544592824","5","pending"
"177","58","956","76","2012-03-26 01:48:40","42.80299318460184","10","pending"
"178","13","755","60","2012-05-20 07:47:24","170.84518954662948","5","pending"
"179","80","194","65","2004-04-09 06:33:39","83.03514464290816","8","shipped"
"180","40","496","32","2012-12-21 06:23:14","193.28027819467627","6","pending"
"181","38","589","29","2001-07-17 15:41:57","80.20742204609171","2","pending"
"182","88","478","77","2023-03-12 01:16:31","162.5191601260254","17","shipped"
"183","53","529","83","2014-11-16 09:03:23","154.42074913110352","5","shipped"
"184","23","931","6","2010-08-26 01:34:39","57.216330128424175","17","pending"
"185","84","798","89","2007-09-11 10:03:04","5.9192101867031965","5","delivered"
"186","62","601","71","2008-01-05 16:58:07","107.00419949328949","15","delivered"
"187","92","172","29","2013-07-26 15:26:54","176.0028380443469","1","pending"
"188","99","504","74","2001-08-19 05:14:41","72.08087611455471","4","delivered"
"189","4","667","76","2000-06-16 01:27:30","22.216816631005337","13","delivered"
"190","32","460","98","2001-09-02 10:47:43","141.9693020979371","12","delivered"
"191","11","985","86","2011-03-14 02:45:35","24.061551698819752","19","delivered"
"192","53","579","33","2001-09-18 12:16:12","30.88411716458467","16","shipped"
"193","98","848","98","2001-09-03 06:43:12","13.574237358567254","5","pending"
"194","47","72","21","2011-10-25 01:27:25","143.0188216380714","3","pending"
"195","64","523","45","2018-11-28 03:29:48","150.3981666724101","19","delivered"
"196","41","993","22","2007-05-28 14:26:05","137.705301207044","7","shipped"
"197","20","788","42","2012-10-22 10:43:27","7.309974979344229","14","shipped"
"198","55","649","16","2012-06-08 18:46:00","35.14293866461013","16","delivered"
"199","77","51","28","2000-05-01 08:09:30","83.3232688043574","10","pending"
"200","93","847","82","2014-11-08 16:18:11","153.3406948345559","5","pending"
"201","30","870","51","2009-04-01 15:53:26","187.25281831502045","19","pending"
"202","41","335","41","2008-01-05 11:22:33","120.94383753263568","1","pending"
"203","86","172","51","2015-03-25 09:41:51","55.13858930120529","7","delivered"
"204","75","98","47","2002-10-02 06:58:16","78.53464967576977","10","shipped"
"205","31","329","50","2020-10-26 16:25:03","6.274343381081973","18","pending"
"206","10","18","39","2018-07-06 21:13:15","131.07603471296298","19","pending"
"207","59","786","91","2005-05-01 18:57:13","80.02276164057209","13","pending"
"208","52","786","59","2010-05-12 20:28:52","174.79447521386749","7","shipped"
"209","45","962","21","2013-12-29 20:22:10","85.04245285754345","12","pending"
"210","68","133","97","2009-02-11 17:17:07","168.4348610831248","16","pending"
"211","79","376","69","2006-02-17 11:40:50","81.27356878024557","5","pending"
"212","14","513","12","2010-09-14 02:59:40","96.99712798720013","18","pending"
"213","54","838","28","2014-05-10 23:06:42","160.39968093645402","9","shipped"
"214","71","722","53","2006-07-23 06:32:44","46.91466458403415","8","pending"
"215","52","456","38","2013-09-12 22:37:39","151.99353657767253","11","delivered"
"216","60","405","29","2023-03-24 05:32:01","162.94257137085157","1","shipped"
"217","11","318","55","2006-07-27 04:51:29","158.4003976028009","6","delivered"
"218","69","670","4","2011-09-30 19:44:02","60.83221778595207","20","shipped"
"219","29","918","60","2017-03-07 13:22:31","106.53545639528618","15","pending"
"220","88","558","13","2003-11-20 09:01:28","181.54620912140624","10","delivered"
"221","63","688","23","2009-11-09 07:36:50","70.17829071923829","11","shipped"
"222","59","110","19","2019-05-05 18:39:50","180.600520496665","18","pending"
"223","24","377","33","2010-10-09 01:30:40","157.62279575006272","20","pending"
"224","83","387","21","2014-08-07 09:42:04","136.7368827514656","18","shipped"
"225","20","166","65","2010-03-08 06:40:53","121.05842403875559","15","shipped"
"226","84","563","20","2005-05-04 05:39:22","138.49459923441103","19","shipped"
"227","36","194","40","2011-04-08 23:01:43","183.47452239998842","20","delivered"
"228","15","566","38","2003-07-05 09:24:52","46.525435926016584","20","delivered"
"229","96","339","72","2021-12-01 18:21:32","130.45465412622042","12","pending"
"230","41","148","20","2009-01-06 10:00:06","31.232051000140782","6","pending"
"231","53","926","41","2004-04-23 21:25:24","130.66102580717336","16","delivered"
"232","58","280","63","2001-11-09 17:12:07","6.684913306843856","4","pending"
"233","31","12","43","2016-07-05 06:51:11","12.711237556013472","5","shipped"
"234","34","873","42","2003-05-21 22:03:14","15.896398939998367","16","shipped"
"235","14","371","99","2008-05-23 08:12:40","194.81855220234132","10","pending"
"236","26","89","69","2000-08-06 10:19:36","97.5813087140656","8","pending"
"237","87","745","80","2010-01-20 16:03:22","161.24924186938188","20","pending"
"238","99","260","36","2000-10-20 01:59:07","146.48756572535234","1","delivered"
"239","81","118","88","2013-05-20 05:03:02","39.140407581352505","10","shipped"
"240","41","84","57","2020-05-14 10:04:08","187.09270597155177","1","delivered"
"241","20","381","75","2016-02-22 11:28:41","172.67413673023555","11","pending"
"242","33","367","5","2015-01-10 06:55:29","160.3388812669664","8","shipped"
"243","30","890","38","2008-06-18 20:36:52","87.73070637299384","4","delivered"
"244","92","511","99","2016-06-15 08:18:25","177.4835565845174","18","delivered"
"245","34","735","26","2019-08-26 00:09:11","110.3155686028234","19","shipped"
"246","15","752","36","2023-07-23 13:59:49","5.1156196737322235","18","delivered"
"247","35","778","2","2018-10-05 01:11:12","54.49494328840096","3","shipped"
"248","23","611","20","2020-05-31 06:04:33","180.27835492516152","3","pending"
"249","80","956","1","2020-12-30 18:58:16","64.66832290035308","2","delivered"
"250","27","71","31","2004-05-22 15:14:34","142.91748668082784","17","pending"
"251","39","166","33","2020-06-20 09:57:31","108.76859815843333","8","shipped"
"252","80","637","78","2014-11-10 17:31:36","14.204445827050428","10","delivered"
"253","0","138","16","2010-05-10 09:08:05","6.099333439371967","15","shipped"
"254","47","845","46","2000-06-08 14:07:12","164.33816981634655","13","shipped"
"255","80","818","68","2002-03-24 13:52:46","121.07459334643832","19","pending"
"256","32","529","86","2021-11-15 10:00:13","151.68444654004978","19","delivered"
"257","60","187","57","2020-05-19 05:22:59","91.08540868045365","10","shipped"
"258","96","980","6","2012-07-06 09:57:32","110.64449008373323","14","pending"
"259","81","733","57","2006-03-31 20:12:33","91.28455762282155","15","delivered"
"260","56","649","86","2012-08-15 21:06:51","131.75075188000758","16","shipped"
"261","69","313","63","2003-07-19 17:36:12","21.226087596660484","3","delivered"
"262","12","183","83","2006-10-22 00:40:04","197.93336624113493","16","pending"
"263","58","230","19","2001-11-18 21:19:27","121.48993557767582","15","shipped"
"264","1","299","46","2002-04-18 05:37:58","22.717953909845704","16","delivered"
"265","3","919","59","2014-06-18 05:43:20","102.98310863800158","4","shipped"
"266","39","334","80","2009-04-19 17:02:44","145.00775622995005","12","pending"
"267","56","992","40","2022-12-10 00:13:28","160.93740615637685","5","delivered"
"268","93","143","68","2016-06-20 08:54:37","8.492163330413746","5","shipped"
"269","36","365","39","2006-01-26 10:01:07","150.64710759129355","5","pending"
"270","3","884","83","2000-08-29 08:37:53","108.46876401554924","15","shipped"
"271","96","478","57","2000-10-12 09:33:15","22.973674903366955","19","pending"
"272","5","197","59","2020-03-23 11:26:41","64.5720092539305","20","pending"
"273","87","981","58","2004-05-22 02:45:09","50.21344556885944","3","delivered"
"274","95","465","52","2014-04-29 07:03:27","89.96198878127316","14","pending"
"275","63","774","97","2021-04-04 21:11:54","184.86757167479735","8","delivered"
"276","19","940","9","2010-08-10 09:13:33","63.41411515730421","19","shipped"
"277","82","680","18","2009-11-01 04:41:52","77.58313105770088","16","shipped"
"278","41","736","6","2017-09-22 13:25:34","80.44926704535077","4","shipped"
"279","83","302","27","2009-07-19 18:22:50","66.2829584103598","8","delivered"
"280","59","220","53","2010-01-24 06:36:31","188.83578895904637","4","pending"
"281","95","335","52","2013-01-23 05:53:09","121.76038334538714","4","pending"
"282","54","927","17","2017-05-15 23:18:16","99.70653585557358","16","delivered"
"283","54","807","61","2003-06-28 05:02:58","164.36568267234054","17","delivered"
"284","86","966","2","2022-08-11 03:33:59","172.9408568671913","10","pending"
"285","49","387","4","2013-03-30 15:09:47","167.0810815131575","2","shipped"
"286","75","570","58","2003-01-08 04:25:58","39.92474090768851","5","delivered"
"287","64","921","10","2007-05-04 10:26:15","39.07482263969112","3","delivered"
"288","79","831","99","2007-06-09 06:34:20","61.95181436082466","17","delivered"
"289","36","283","55","2014-02-19 07:23:59","106.11108784428336","8","pending"
"290","16","890","81","2013-03-18 04:49:19","4.639014742507852","5","pending"
"291","74","257","67","2016-08-15 13:44:25","83.67828595754649","18","shipped"
"292","78","49","74","2002-10-28 09:15:47","188.12900902992854","14","shipped"
"293","6","919","48","2022-02-19 13:59:47","58.59779649438595","2","delivered"
"294","20","825","59","2003-12-26 11:38:36","73.02136154304806","11","shipped"
"295","93","716","10","2010-01-09 04:34:38","79.9328749872723","10","delivered"
"296","92","844","36","2008-03-31 12:14:56","170.16231914295935","5","shipped"
"297","43","794","71","2012-09-09 18:40:34","78.75434338054524","8","shipped"
"298","83","652","86","2022-12-20 13:46:13","151.29983178072268","9","delivered"
"299","48","752","99","2022-07-11 15:14:40","94.12006647457464","7","shipped"
"300","9","444","85","2010-01-18 01:42:18","55.80641849636279","15","pending"
"301","79","896","52","2019-04-11 06:44:02","189.26707173178136","19","shipped"
"302","81","440","5","2001-04-28 00:16:15","194.27346839325247","15","shipped"
"303","0","896","75","2013-03-04 05:40:42","166.6390615955879","16","pending"
"304","76","777","93","2004-10-30 01:31:57","176.947610004341","18","shipped"
"305","26","873","67","2010-03-25 00:58:49","159.79243412011132","2","pending"
"306","14","931","73","2008-02-02 14:16:52","123.96495845525922","12","shipped"
"307","46","892","93","2001-11-19 16:36:00","160.7491600771422","12","pending"
"308","89","882","87","2020-03-05 11:15:39","29.250204583907887","18","delivered"
"309","50","984","3","2011-06-25 14:38:41","137.75427247227995","10","pending"
"310","37","309","62","2008-09-01 22:54:36","67.2382191335796","7","pending"
"311","68","652","36","2012-04-12 12:20:05","31.152963302819916","3","shipped"
"312","86","659","6","2009-11-02 11:56:23","129.4024657502693","3","pending"
"313","89","717","98","2018-11-02 22:58:20","47.898741010601476","18","delivered"
"314","11","213","80","2004-04-03 11:52:31","64.64904352137154","9","shipped"
"315","51","818","33","2016-04-02 21:40:55","148.05956060733556","18","delivered"
"316","39","363","78","2013-07-18 02:19:32","153.256960365509","5","delivered"
"317","64","291","5","2008-03-09 10:41:13","108.16944765011665","5","delivered"
"318","14","928","31","2000-09-13 19:45:11","33.4296709214723","6","shipped"
"319","39","733","31","2010-07-23 23:59:27","86.33967426162307","2","delivered"
"320","63","40","92","2023-08-03 17:15:47","194.36635712581935","18","pending"
"321","35","331","80","2019-03-17 22:55:14","57.307249024822035","14","pending"
"322","24","557","15","2008-12-01 17:26:58","129.7883890897508","9","delivered"
"323","17","926","89","2009-06-18 07:11:44","117.84761630493843","17","shipped"
"324","18","419","44","2015-04-16 10:40:12","138.64542395284235","14","delivered"
"325","38","656","37","2000-07-27 18:49:15","102.80379876404129","2","pending"
"326","33","171","36","2001-12-07 23:28:57","81.26773063011814","20","delivered"
"327","64","771","80","2007-12-22 18:29:56","160.5155447329711","11","delivered"
"328","4","338","62","2012-03-24 12:48:05","41.93463511300777","6","shipped"
"329","95","219","26","2004-09-10 15:46:03","14.086629076564659","4","delivered"
"330","54","175","52","2013-02-25 17:35:07","173.9101026471091","18","pending"
"331","80","134","89","2015-02-22 11:02:50","49.8904660903262","17","pending"
"332","67","918","99","2007-12-02 17:10:23","146.6343680709519","6","shipped"
"333","29","449","3","2008-05-21 23:53:33","19.81336931839412","20","pending"
"334","28","149","58","2005-06-04 14:36:02","81.63866803487467","10","pending"
"335","12","94","86","2005-10-15 09:02:02","185.99681088750393","14","delivered"
"336","4","527","55","2020-04-01 19:47:23","47.453719299346986","1","pending"
"337","31","648","54","2018-08-24 00:33:04","118.6288358010498","19","shipped"
"338","81","587","73","2010-11-13 19:23:15","121.51175214615402","5","delivered"
"339","89","980","74","2014-09-11 00:15:28","40.05931259036015","11","delivered"
"340","25","478","1","2022-12-05 02:47:34","97.10732552534333","2","delivered"
"341","95","450","32","2012-07-09 07:41:22","42.154721728898046","5","delivered"
"342","18","548","8","2011-08-25 10:28:19","31.243732848735778","8","delivered"
"343","55","40","85","2020-01-22 22:00:14","23.0771758362192","9","pending"
"344","17","890","50","2013-06-03 06:17:48","113.70665139521043","8","pending"
"345","75","855","86","2016-08-23 14:20:49","13.297028040013211","15","pending"
"346","84","516","45","2012-03-03 00:51:36","108.39647533397603","15","pending"
"347","38","154","35","2019-01-20 20:46:32","192.54768823831066","7","pending"
"348","74","699","93","2001-08-26 00:14:39","150.30702269847336","3","shipped"
"349","86","23","60","2019-06-02 16:39:20","79.96850706653856","7","delivered"
"350","66","981","55","2011-04-11 05:49:11","31.01965489856403","1","shipped"
"351","94","416","13","2016-01-10 12:01:09","131.53757772671423","8","pending"
"352","66","618","40","2013-10-19 03:34:13","47.057802113643284","9","delivered"
"353","74","666","6","2007-09-19 22:43:00","69.75807334707322","18","delivered"
"354","21","444","59","2004-07-19 12:12:18","58.754794418735436","5","pending"
"355","94","957","9","2014-08-08 10:08:55","48.48866890543373","4","shipped"
"356","91","770","35","2004-08-01 23:33:46","109.08108035438597","19","delivered"
"357","78","301","29","2017-05-02 03:12:20","10.820980137696754","13","pending"
"358","16","210","48","2017-12-18 13:42:45","197.89168849071618","10","shipped"
"359","90","46","56","2020-03-16 11:25:46","120.64857184653947","2","pending"
"360","32","845","19","2015-03-01 12:44:12","165.84376913015484","16","pending"
"361","79","178","55","2013-06-01 19:37:50","37.62140261256116","19","shipped"
"362","11","206","41","2000-05-11 05:45:59","32.06567552981811","6","pending"
"363","72","555","60","2007-09-03 17:34:03","2.0534065184692207","17","shipped"
"364","44","774","45","2022-09-17 04:29:44","79.19422273386205","14","delivered"
"365","45","419","83","2021-07-24 11:34:31","8.345022092599438","14","shipped"
"366","53","35","59","2016-05-21 05:03:00","56.05800603089843","4","delivered"
"367","70","385","67","2012-11-21 06:23:08","125.45063183443398","6","shipped"
"368","23","49","76","2005-08-09 00:55:09","84.77045735737428","11","pending"
"369","12","264","86","2006-02-26 17:07:44","146.34925762193035","15","pending"
"370","90","623","37","2014-06-09 03:23:36","41.92506031603305","17","shipped"
"371","87","648","62","2013-05-15 16:27:38","133.7120242522093","11","pending"
"372","9","156","36","2005-04-21 17:58:48","159.56777267494382","5","shipped"
"373","35","897","38","2009-12-05 05:59:58","15.902552135212497","17","shipped"
"374","45","527","75","2010-11-19 17:57:43","85.10923777844539","5","shipped"
"375","91","875","6","2021-12-10 00:09:21","125.00019152797967","20","shipped"
"376","16","187","71","2022-09-11 13:10:23","146.27397351663186","17","shipped"
"377","89","946","47","2006-10-18 10:16:23","97.39738230961456","10","pending"
"378","86","744","63","2013-01-10 10:55:09","57.30631373362387","8","delivered"
"379","92","818","60","2007-08-22 21:26:08","195.23850365368392","5","shipped"
"380","51","280","43","2007-08-25 02:20:28","37.71280963022922","11","delivered"
"381","65","498","50","2019-05-05 19:39:46","171.31082029617752","18","shipped"
"382","18","941","66","2000-05-03 23:27:44","61.92970242780225","18","shipped"
"383","58","385","96","2018-08-17 10:31:40","134.86462617751397","5","shipped"
"384","74","166","51","2002-03-21 13:09:46","131.2617969138722","12","shipped"
"385","21","984","11","2011-03-19 06:02:59","85.92991366912972","20","pending"
"386","33","395","96","2017-02-04 06:03:45","185.02362859324168","6","shipped"
"387","33","610","3","2018-01-15 07:11:41","173.64326112259778","5","pending"
"388","87","487","36","2016-10-27 13:31:21","187.09852366381378","3","delivered"
"389","84","257","74","2019-04-27 06:29:16","139.46029187131285","1","delivered"
"390","61","847","13","2017-04-05 16:47:08","189.73632760292","10","pending"
"391","29","570","61","2004-02-11 02:42:30","51.9308336843136","4","pending"
"392","41","747","71","2003-12-20 20:58:19","121.97863212587424","1","pending"
"393","32","365","86","2001-05-08 01:00:49","6.713489987714846","6","shipped"
"394","94","4","57","2018-10-25 07:43:59","60.47131339809453","12","pending"
"395","44","828","71","2011-04-05 03:28:06","172.00306476235528","7","shipped"
"396","99","762","18","2015-06-04 03:47:48","79.22710072022727","4","delivered"
"397","76","813","98","2014-04-26 16:43:02","157.4880609150496","11","delivered"
"398","80","187","75","2002-08-02 10:00:47","175.1297714119939","15","shipped"
"399","2","401","12","2005-10-28 16:18:14","144.1971913611271","20","pending"
"400","14","289","32","2007-07-10 07:43:40","99.82814010981697","5","shipped"
"401","67","716","73","2017-12-25 12:37:57","33.19072299970332","9","shipped"
"402","54","779","5","2011-09-10 06:21:33","132.80213984177738","1","delivered"
"403","95","848","66","2017-09-28 02:54:59","161.63421990959432","15","pending"
"404","60","339","18","2012-08-06 11:46:13","139.79716809181213","5","pending"
"405","24","460","25","2023-03-12 07:06:05","182.17925452809024","19","shipped"
"406","61","752","70","2012-03-04 09:02:40","17.98801840935544","11","shipped"
"407","1","910","38","2012-09-11 09:04:01","156.3095072308023","6","pending"
"408","72","297","74","2019-03-12 20:52:39","199.31279133561628","20","pending"
"409","58","419","75","2019-12-25 12:22:19","109.18026725833543","18","delivered"
"410","49","881","13","2013-10-08 07:51:00","10.382282947634687","3","delivered"
"411","13","141","96","2005-04-02 03:03:49","117.80548006263854","12","pending"
"412","49","852","29","2016-01-17 18:47:23","23.50701778778669","9","shipped"
"413","93","817","39","2020-05-21 04:18:43","35.75474622772864","10","shipped"
"414","57","861","45","2010-01-06 06:07:04","10.029316456422366","16","shipped"
"415","82","694","10","2014-05-05 18:03:19","127.50195575593698","11","shipped"
"416","43","998","30","2016-10-23 01:19:02","46.24857732021945","2","delivered"
"417","80","318","81","2018-09-25 04:59:04","92.4754329371444","10","shipped"
"418","97","482","71","2007-01-04 00:44:17","57.69798863971473","9","pending"
"419","79","263","68","2020-05-18 06:25:21","147.23974901330806","14","delivered"
"420","13","311","17","2003-04-16 03:29:46","67.1841403887645","12","pending"
"421","42","112","65","2008-12-04 23:58:25","85.66274041663303","10","pending"
"422","62","890","38","2004-03-21 08:54:55","137.62408549695093","10","delivered"
"423","39","84","54","2003-11-05 23:01:00","185.3801255653299","5","pending"
"424","38","892","64","2015-08-02 02:37:53","190.56115424517847","19","shipped"
"425","79","998","38","2023-03-22 19:41:43","74.53215635322559","12","delivered"
"426","30","396","80","2003-01-28 09:49:18","152.84623194975248","8","pending"
"427","44","126","61","2015-06-08 17:50:47","37.23548892961656","9","pending"
"428","74","450","17","2012-01-31 21:56:43","56.31280826223403","15","pending"
"429","99","257","73","2022-10-07 22:23:13","138.19993436864166","12","pending"
"430","23","430","97","2006-12-31 12:52:25","100.89892020177693","19","delivered"
"431","18","94","9","2020-04-24 14:19:00","58.06665471369277","1","shipped"
"432","22","822","46","2000-06-20 20:35:32","172.0195871863177","18","shipped"
"433","65","525","16","2001-06-03 09:29:04","127.67298341569293","18","delivered"
"434","10","666","1","2011-04-19 03:41:01","189.70827048862986","15","pending"
"435","8","824","72","2004-07-21 04:07:50","40.11196454758549","14","delivered"
"436","76","818","71","2007-06-18 09:05:44","34.27163685844845","19","shipped"
"437","80","892","53","2013-04-13 21:34:29","62.365746236839954","11","pending"
"438","0","35","16","2016-10-02 06:49:57","1.636141194153941","14","shipped"
"439","85","200","46","2005-08-05 11:38:10","199.86155199377382","18","pending"
"440","14","566","49","2004-06-22 02:07:22","54.98005231857003","20","delivered"
"441","53","566","12","2022-07-11 10:53:50","112.98402244036343","15","delivered"
"442","95","197","3","2005-06-20 06:04:59","87.67515085267146","4","shipped"
"443","18","814","27","2017-10-28 13:26:30","169.61102073857154","5","delivered"
"444","35","178","33","2012-06-23 19:58:01","129.61551979175852","19","shipped"
"445","19","148","81","2019-08-02 19:22:52","82.99593006281546","14","pending"
"446","14","483","40","2007-08-18 20:43:59","115.52645656140375","19","delivered"
"447","32","499","17","2022-07-02 18:04:59","54.6917833580944","12","delivered"
"448","73","771","62","2016-06-13 17:50:21","154.40158343445344","5","delivered"
"449","93","40","16","2002-06-03 06:25:06","91.38801303954699","3","delivered"
"450","59","472","61","2003-10-21 18:42:34","136.96480134033308","3","pending"
"451","27","367","70","2015-08-21 10:49:49","68.12427480815234","15","pending"
"452","82","795","64","2016-09-07 14:14:58","81.1309405056219","11","shipped"
"453","18","747","15","2005-05-06 17:23:18","128.52730942602227","14","pending"
"454","86","824","19","2002-09-11 14:45:16","110.38531241300983","13","shipped"
"455","15","620","2","2011-11-03 17:27:10","14.365549278433631","8","pending"
"456","71","331","78","2004-07-28 17:01:43","59.029309141867756","1","shipped"
"457","10","795","25","2010-10-09 21:28:46","30.610403510328336","13","pending"
"458","81","334","15","2020-11-07 12:51:14","40.57772640270478","20","shipped"
"459","81","143","44","2014-06-05 02:01:26","75.76765618008957","15","shipped"
"460","67","723","36","2015-11-20 19:20:50","27.46006132885665","12","pending"
"461","15","777","29","2005-05-07 18:51:26","113.60242283510004","8","pending"
"462","76","695","68","2007-09-22 15:57:11","44.2190994132376","2","delivered"
"463","4","884","67","2008-07-04 00:58:32","2.380587826961434","1","delivered"
"464","49","882","32","2007-05-03 14:26:07","102.61729582046198","13","shipped"
"465","77","511","51","2017-05-08 16:03:37","33.615785632264014","5","delivered"
"466","73","481","25","2016-05-25 23:43:59","168.8823708695958","4","shipped"
"467","16","377","3","2007-12-23 10:16:33","187.93448570167917","8","delivered"
"468","38","281","71","2011-04-06 13:54:54","92.80225631454687","20","delivered"
"469","4","453","9","2015-05-13 06:34:55","96.95614283314293","13","pending"
"470","23","242","4","2022-10-31 08:28:05","71.74163634145248","19","pending"
"471","25","517","68","2005-06-19 12:21:24","96.24566683851127","19","shipped"
"472","88","898","30","2019-12-31 21:59:20","151.59932925444585","2","pending"
"473","60","285","27","2023-03-29 05:29:44","81.4543787782145","1","shipped"
"474","47","156","75","2016-07-11 21:47:12","33.92143587857875","11","pending"
"475","98","956","54","2019-10-26 05:49:52","38.0769707694509","17","shipped"
"476","43","172","76","2016-10-08 08:46:38","187.63291709957016","19","pending"
"477","37","636","30","2001-11-26 19:53:04","128.65678384020498","6","shipped"
"478","45","903","17","2020-11-10 17:39:34","38.35599507180409","14","pending"
"479","39","563","51","2004-08-09 03:13:11","114.64206004070269","10","pending"
"480","19","268","93","2000-06-26 22:18:16","178.8030995319024","9","pending"
"481","43","473","48","2016-04-23 10:35:26","159.57076779613976","13","pending"
"482","99","302","93","2015-08-20 22:24:23","55.35622695139157","1","shipped"
"483","46","244","5","2000-06-12 06:40:37","12.900076672453238","7","pending"
"484","47","589","38","2011-07-03 04:52:46","124.17464552401093","5","delivered"
"485","29","98","45","2022-08-26 06:48:12","165.18228033855775","15","delivered"
"486","43","723","10","2020-04-23 14:18:32","111.07634865168909","16","delivered"
"487","90","910","39","2005-02-15 04:20:34","173.22606906130076","13","pending"
"488","69","869","82","2021-10-31 15:50:08","18.723311869405308","12","pending"
"489","55","985","57","2006-04-10 19:51:29","62.45090689835162","2","shipped"
"490","53","200","60","2013-12-07 02:30:11","133.48816435343468","15","delivered"
"491","85","465","44","2020-12-25 15:42:37","8.069911747214505","7","pending"
"492","73","572","84","2016-01-02 19:48:22","18.107544484338845","4","pending"
"493","81","18","3","2004-07-03 17:15:26","166.89972647662145","5","delivered"
"494","12","925","99","2022-11-04 22:39:54","123.17364492279337","7","pending"
"495","38","454","2","2016-10-20 01:01:40","4.970701441272884","20","delivered"
"496","65","751","51","2023-04-09 14:46:15","64.38041805636949","2","pending"
"497","61","687","21","2004-01-28 09:10:27","63.49820126111693","17","shipped"
"498","82","715","29","2023-06-05 04:31:05","30.473707948754306","5","pending"
"499","65","850","54","2003-08-25 18:23:51","137.6215839168102","15","shipped"
"500","52","312","19","2013-09-05 07:17:22","149.13740659185964","17","delivered"
"501","44","495","65","2013-07-02 00:05:30","57.866495516831336","12","delivered"
"502","14","213","22","2012-07-08 13:57:23","165.6553865472694","16","delivered"
"503","55","819","90","2001-06-29 21:19:38","141.03680917750066","10","shipped"
"504","40","294","56","2017-05-23 02:52:03","150.12737202021165","19","shipped"
"505","73","130","10","2021-06-08 07:52:14","162.73240499995785","11","pending"
"506","89","613","39","2003-05-17 05:18:21","71.12634339423238","20","shipped"
"507","19","396","12","2001-06-28 12:08:54","76.78252971462867","18","delivered"
"508","68","814","41","2023-09-27 08:20:27","166.37638257902393","10","shipped"
"509","76","253","44","2007-10-17 04:52:59","97.91761548396067","20","shipped"
"510","24","889","30","2019-07-26 14:06:11","39.13524633242326","11","shipped"
"511","58","966","3","2001-01-08 12:11:04","165.59872515821837","12","pending"
"512","2","419","53","2006-07-14 01:17:52","158.98286207575285","16","shipped"
"513","99","861","50","2013-12-17 12:28:41","74.5208784587154","7","delivered"
"514","99","943","84","2002-02-10 19:02:11","164.92698906593662","14","shipped"
"515","14","98","56","2012-03-07 01:21:20","53.10296957365739","14","delivered"
"516","58","856","41","2005-11-07 03:22:40","22.770780951079747","20","delivered"
"517","43","795","66","2020-01-12 06:54:29","51.30920287608293","19","pending"
"518","19","597","2","2018-10-24 17:19:15","85.17386610466143","13","delivered"
"519","52","289","84","2019-02-06 20:05:37","13.310677817678496","8","delivered"
"520","78","804","27","2014-11-21 07:01:41","88.18504168238859","14","shipped"
"521","49","839","59","2007-06-26 13:23:06","155.73109064783483","8","shipped"
"522","31","510","51","2008-08-25 19:03:38","14.738301852991206","13","pending"
"523","26","751","44","2012-11-19 21:09:53","36.10048220458752","5","shipped"
"524","38","951","17","2006-03-25 09:22:43","154.97515733627955","8","shipped"
"525","79","688","76","2004-09-17 09:44:30","107.45411422755134","12","shipped"
"526","88","175","79","2012-03-17 15:42:46","183.604402780443","4","delivered"
"527","35","962","20","2021-10-15 07:07:03","115.50555505556582","12","delivered"
"528","12","981","66","2019-04-25 02:05:52","113.56188607560932","13","pending"
"529","63","254","18","2012-01-22 09:44:34","36.00709906343621","8","delivered"
"530","18","755","65","2011-11-29 09:05:38","153.97802876157806","5","pending"
"531","94","941","79","2023-10-18 08:59:25","107.16929036917642","19","pending"
"532","65","925","35","2022-06-30 17:48:54","167.75896412939946","7","delivered"
"533","77","601","99","2017-10-30 11:01:38","155.63722375557396","4","shipped"
"534","20","122","30","2006-12-09 21:18:41","18.068055988322946","13","delivered"
"535","5","472","3","2004-05-18 10:09:09","142.88091058231146","3","delivered"
"536","15","985","93","2022-09-24 21:18:35","21.709751358424487","12","shipped"
"537","7","984","36","2003-03-13 14:19:33","65.42127153001933","7","shipped"
"538","35","674","88","2007-12-10 20:52:30","30.864732586124962","4","shipped"
"539","68","617","77","2013-11-21 20:38:48","78.09143432916692","2","delivered"
"540","91","361","14","2020-08-01 11:28:15","96.54683364796696","2","pending"
"541","16","274","86","2022-11-02 12:17:55","132.6555677523507","11","shipped"
"542","13","391","32","2018-03-08 16:26:40","186.3074791860736","17","pending"
"543","19","747","31","2007-12-09 01:37:41","29.262860998453974","18","pending"
"544","4","156","70","2010-01-31 17:41:05","143.60501647423553","15","delivered"
"545","16","400","54","2020-03-09 00:21:22","88.36185954513984","7","pending"
"546","73","94","99","2019-07-24 00:46:00","122.57158458384637","11","pending"
"547","5","109","40","2010-03-02 12:53:28","86.13440579145377","13","pending"
"548","98","595","46","2003-10-30 17:38:54","168.86656846695354","6","pending"
"549","73","23","24","2012-03-19 19:45:45","159.96297231708647","14","pending"
"550","90","540","66","2012-04-16 07:37:36","66.30569469213299","1","pending"
"551","0","962","25","2006-07-17 18:59:30","4.729531494782715","10","delivered"
"552","26","421","39","2005-03-07 23:02:01","75.40329770810321","12","pending"
"553","99","570","62","2014-09-03 18:59:48","165.26259176660426","3","delivered"
"554","31","43","74","2008-05-20 11:21:44","105.45579386839165","6","delivered"
"555","29","699","56","2008-11-14 02:07:35","69.50845074224293","13","pending"
"556","20","122","36","2005-07-15 09:49:41","25.32741321410514","2","shipped"
"557","90","306","10","2013-01-25 06:06:28","39.61937667547791","9","pending"
"558","45","147","53","2009-11-11 12:04:29","42.05334498067573","10","pending"
"559","38","283","66","2017-09-15 23:22:04","180.30857665050593","8","shipped"
"560","22","576","23","2019-02-21 08:50:18","34.81300482295119","4","delivered"
"561","0","25","77","2009-04-22 14:12:51","199.24071611368325","8","pending"
"562","87","942","13","2007-07-01 23:51:25","64.35389559305037","3","delivered"
"563","31","861","40","2007-09-16 00:04:52","60.447002408135916","1","pending"
"564","34","947","28","2006-04-29 03:51:10","125.28771720827484","8","pending"
"565","47","699","63","2013-04-05 18:04:07","72.4577079940266","4","delivered"
"566","28","798","72","2007-11-09 08:37:01","91.30907388784433","3","pending"
"567","4","331","57","2017-01-07 06:36:05","60.22139210565496","5","delivered"
"568","47","416","26","2014-11-08 16:25:49","124.53977701078946","6","pending"
"569","40","999","30","2019-09-04 13:28:47","43.61969965722522","6","shipped"
"570","40","681","60","2004-07-17 08:41:22","96.13360842100914","11","delivered"
"571","12","257","86","2003-02-17 11:31:54","118.71537033684","20","shipped"
"572","26","907","76","2008-12-07 19:15:35","22.679217122064582","12","shipped"
"573","10","613","85","2012-04-30 01:38:57","77.0061167334964","10","shipped"
"574","39","284","37","2023-03-29 06:12:35","76.94551299864672","6","shipped"
"575","99","510","19","2021-09-28 18:17:50","163.85918964262947","18","pending"
"576","86","611","86","2003-06-29 05:20:15","42.74123460322967","11","delivered"
"577","18","74","90","2003-01-30 23:07:05","31.194665419027977","2","shipped"
"578","95","115","38","2009-01-24 06:16:35","177.37002367548985","8","pending"
"579","54","760","8","2002-12-05 15:42:49","103.63384409743291","12","pending"
"580","6","1005","18","2023-03-19 07:40:21","107.39412027371077","11","pending"
"581","11","315","83","2019-08-26 17:10:05","23.000140099492352","13","delivered"
"582","23","288","4","2000-08-05 14:34:01","26.287643868283734","12","pending"
"583","39","848","79","2000-03-18 13:13:07","183.69443605973802","19","delivered"
"584","2","656","80","2011-09-07 16:45:36","66.38616012762807","7","delivered"
"585","22","27","70","2004-04-29 21:57:26","148.90908268336437","8","shipped"
"586","97","367","86","2005-02-14 00:08:48","95.04014165619947","12","pending"
"587","27","25","4","2010-08-09 18:06:56","150.0413688539662","3","shipped"
"588","86","453","50","2014-07-27 09:04:42","130.65055520022685","18","pending"
"589","89","733","44","2022-09-22 12:44:55","194.24415306597612","12","pending"
"590","22","92","93","2000-04-11 14:45:31","106.60171692455472","18","shipped"
"591","7","264","97","2015-07-14 07:34:13","182.6745031047866","3","pending"
"592","60","909","59","2005-08-01 12:46:38","126.58749942697612","7","shipped"
"593","54","47","13","2019-01-21 01:28:15","158.09076025934544","20","delivered"
"594","68","942","71","2011-11-01 04:59:38","153.67057160295462","16","pending"
"595","59","720","12","2009-05-05 18:41:21","6.664264504307624","19","shipped"
"596","58","332","73","2020-08-07 04:42:01","194.30573326588862","3","pending"
"597","85","605","10","2018-10-05 15:51:42","162.2724049510315","20","pending"
"598","18","338","44","2009-02-03 00:55:24","98.59824818728357","3","delivered"
"599","96","329","98","2013-07-21 11:27:59","68.7356002434627","16","delivered"
